{
 "chain_iptm": [
  0.66,
  0.64,
  0.62,
  0.62,
  0.65,
  0.64,
  0.64,
  0.63,
  0.39,
  0.56,
  0.56
 ],
 "chain_pair_iptm": [
  [
   0.73,
   0.66,
   0.78,
   0.68,
   0.74,
   0.69,
   0.72,
   0.69,
   0.44,
   0.59,
   0.58
  ],
  [
   0.66,
   0.72,
   0.68,
   0.77,
   0.69,
   0.74,
   0.69,
   0.71,
   0.34,
   0.58,
   0.58
  ],
  [
   0.78,
   0.68,
   0.65,
   0.63,
   0.65,
   0.62,
   0.69,
   0.67,
   0.35,
   0.57,
   0.57
  ],
  [
   0.68,
   0.77,
   0.63,
   0.65,
   0.62,
   0.64,
   0.66,
   0.68,
   0.31,
   0.58,
   0.57
  ],
  [
   0.74,
   0.69,
   0.65,
   0.62,
   0.66,
   0.65,
   0.76,
   0.68,
   0.54,
   0.6,
   0.6
  ],
  [
   0.69,
   0.74,
   0.62,
   0.64,
   0.65,
   0.65,
   0.68,
   0.76,
   0.37,
   0.61,
   0.61
  ],
  [
   0.72,
   0.69,
   0.69,
   0.66,
   0.76,
   0.68,
   0.69,
   0.63,
   0.46,
   0.57,
   0.57
  ],
  [
   0.69,
   0.71,
   0.67,
   0.68,
   0.68,
   0.76,
   0.63,
   0.68,
   0.36,
   0.58,
   0.58
  ],
  [
   0.44,
   0.34,
   0.35,
   0.31,
   0.54,
   0.37,
   0.46,
   0.36,
   0.31,
   0.37,
   0.36
  ],
  [
   0.59,
   0.58,
   0.57,
   0.58,
   0.6,
   0.61,
   0.57,
   0.58,
   0.37,
   0.43,
   0.53
  ],
  [
   0.58,
   0.58,
   0.57,
   0.57,
   0.6,
   0.61,
   0.57,
   0.58,
   0.36,
   0.53,
   0.43
  ]
 ],
 "chain_pair_pae_min": [
  [
   0.76,
   1.68,
   1.19,
   2.01,
   1.51,
   2.08,
   1.42,
   2.22,
   7.95,
   3.99,
   5.08
  ],
  [
   1.68,
   0.76,
   1.96,
   1.25,
   2.12,
   1.53,
   2.26,
   1.45,
   9.92,
   5.09,
   4.41
  ],
  [
   1.4,
   1.73,
   0.76,
   1.8,
   2.09,
   2.59,
   1.36,
   1.95,
   9.11,
   4.3,
   5.37
  ],
  [
   1.75,
   1.41,
   1.8,
   0.76,
   2.69,
   2.08,
   1.99,
   1.4,
   10.97,
   5.63,
   4.7
  ],
  [
   1.44,
   2.09,
   1.84,
   2.27,
   0.76,
   1.29,
   1.18,
   2.17,
   4.26,
   4.05,
   4.41
  ],
  [
   2.13,
   1.48,
   2.35,
   1.91,
   1.31,
   0.76,
   2.18,
   1.19,
   8.14,
   4.31,
   4.08
  ],
  [
   1.39,
   2.08,
   1.52,
   1.73,
   1.24,
   1.97,
   0.76,
   2.18,
   6.68,
   4.23,
   4.71
  ],
  [
   2.11,
   1.44,
   1.71,
   1.56,
   1.99,
   1.26,
   2.18,
   0.76,
   8.96,
   4.62,
   4.28
  ],
  [
   7.14,
   12.78,
   11.58,
   14.55,
   2.89,
   10.36,
   6.9,
   12.12,
   0.76,
   11.49,
   12.1
  ],
  [
   2.89,
   3.47,
   3.71,
   3.07,
   3.54,
   3.94,
   6.07,
   4.54,
   9.78,
   0.79,
   1.41
  ],
  [
   3.45,
   3.11,
   2.95,
   3.85,
   4.02,
   3.88,
   4.87,
   5.87,
   9.84,
   1.45,
   0.79
  ]
 ],
 "chain_ptm": [
  0.73,
  0.72,
  0.65,
  0.65,
  0.66,
  0.65,
  0.69,
  0.68,
  0.31,
  0.43,
  0.43
 ],
 "fraction_disordered": 0.25,
 "has_clash": 0.0,
 "iptm": 0.68,
 "num_recycles": 10.0,
 "ptm": 0.69,
 "ranking_score": 0.81
}