{
 "chain_iptm": [
  0.63,
  0.63,
  0.6,
  0.6,
  0.62,
  0.61,
  0.61,
  0.61,
  0.17,
  0.53,
  0.53
 ],
 "chain_pair_iptm": [
  [
   0.73,
   0.66,
   0.78,
   0.68,
   0.74,
   0.69,
   0.72,
   0.69,
   0.17,
   0.58,
   0.57
  ],
  [
   0.66,
   0.73,
   0.68,
   0.77,
   0.69,
   0.74,
   0.69,
   0.72,
   0.17,
   0.57,
   0.57
  ],
  [
   0.78,
   0.68,
   0.66,
   0.64,
   0.65,
   0.62,
   0.68,
   0.66,
   0.17,
   0.56,
   0.57
  ],
  [
   0.68,
   0.77,
   0.64,
   0.65,
   0.62,
   0.65,
   0.65,
   0.67,
   0.16,
   0.56,
   0.56
  ],
  [
   0.74,
   0.69,
   0.65,
   0.62,
   0.64,
   0.64,
   0.76,
   0.67,
   0.22,
   0.59,
   0.59
  ],
  [
   0.69,
   0.74,
   0.62,
   0.65,
   0.64,
   0.64,
   0.67,
   0.75,
   0.17,
   0.6,
   0.59
  ],
  [
   0.72,
   0.69,
   0.68,
   0.65,
   0.76,
   0.67,
   0.68,
   0.62,
   0.18,
   0.56,
   0.56
  ],
  [
   0.69,
   0.72,
   0.66,
   0.67,
   0.67,
   0.75,
   0.62,
   0.68,
   0.17,
   0.57,
   0.57
  ],
  [
   0.17,
   0.17,
   0.17,
   0.16,
   0.22,
   0.17,
   0.18,
   0.17,
   0.28,
   0.14,
   0.15
  ],
  [
   0.58,
   0.57,
   0.56,
   0.56,
   0.59,
   0.6,
   0.56,
   0.57,
   0.14,
   0.43,
   0.53
  ],
  [
   0.57,
   0.57,
   0.57,
   0.56,
   0.59,
   0.59,
   0.56,
   0.57,
   0.15,
   0.53,
   0.42
  ]
 ],
 "chain_pair_pae_min": [
  [
   0.76,
   1.68,
   1.23,
   2.07,
   1.63,
   2.16,
   1.45,
   2.26,
   17.62,
   4.54,
   5.29
  ],
  [
   1.7,
   0.76,
   2.03,
   1.31,
   2.18,
   1.63,
   2.3,
   1.46,
   19.5,
   5.33,
   4.63
  ],
  [
   1.47,
   1.76,
   0.76,
   1.83,
   2.19,
   2.77,
   1.47,
   2.11,
   18.28,
   4.54,
   5.54
  ],
  [
   1.8,
   1.49,
   1.82,
   0.76,
   2.89,
   2.13,
   2.14,
   1.49,
   19.67,
   5.72,
   4.96
  ],
  [
   1.47,
   2.18,
   1.93,
   2.41,
   0.76,
   1.32,
   1.23,
   2.29,
   12.32,
   4.59,
   4.89
  ],
  [
   2.21,
   1.51,
   2.44,
   1.99,
   1.34,
   0.76,
   2.22,
   1.25,
   17.23,
   4.81,
   4.5
  ],
  [
   1.48,
   2.13,
   1.64,
   1.82,
   1.27,
   2.01,
   0.76,
   2.2,
   16.58,
   4.93,
   5.25
  ],
  [
   2.17,
   1.47,
   1.79,
   1.63,
   2.02,
   1.31,
   2.2,
   0.76,
   18.84,
   5.06,
   4.83
  ],
  [
   18.2,
   24.78,
   27.48,
   25.2,
   9.16,
   21.17,
   19.26,
   25.38,
   0.76,
   15.48,
   17.05
  ],
  [
   3.19,
   3.66,
   4.17,
   3.36,
   3.9,
   4.08,
   6.21,
   4.94,
   16.74,
   0.79,
   1.42
  ],
  [
   3.69,
   3.32,
   3.03,
   3.98,
   4.17,
   4.19,
   5.25,
   6.08,
   17.04,
   1.44,
   0.79
  ]
 ],
 "chain_ptm": [
  0.73,
  0.73,
  0.66,
  0.65,
  0.64,
  0.64,
  0.68,
  0.68,
  0.28,
  0.43,
  0.42
 ],
 "fraction_disordered": 0.25,
 "has_clash": 0.0,
 "iptm": 0.64,
 "num_recycles": 10.0,
 "ptm": 0.66,
 "ranking_score": 0.77
}