{
 "chain_iptm": [
  0.65,
  0.64,
  0.62,
  0.61,
  0.65,
  0.63,
  0.64,
  0.63,
  0.39,
  0.56,
  0.55
 ],
 "chain_pair_iptm": [
  [
   0.72,
   0.65,
   0.77,
   0.67,
   0.73,
   0.69,
   0.71,
   0.68,
   0.44,
   0.58,
   0.57
  ],
  [
   0.65,
   0.72,
   0.68,
   0.77,
   0.68,
   0.73,
   0.68,
   0.71,
   0.34,
   0.58,
   0.58
  ],
  [
   0.77,
   0.68,
   0.65,
   0.63,
   0.64,
   0.62,
   0.68,
   0.66,
   0.34,
   0.57,
   0.57
  ],
  [
   0.67,
   0.77,
   0.63,
   0.65,
   0.62,
   0.64,
   0.66,
   0.68,
   0.3,
   0.58,
   0.57
  ],
  [
   0.73,
   0.68,
   0.64,
   0.62,
   0.65,
   0.65,
   0.76,
   0.68,
   0.54,
   0.6,
   0.6
  ],
  [
   0.69,
   0.73,
   0.62,
   0.64,
   0.65,
   0.64,
   0.68,
   0.76,
   0.37,
   0.61,
   0.61
  ],
  [
   0.71,
   0.68,
   0.68,
   0.66,
   0.76,
   0.68,
   0.68,
   0.62,
   0.46,
   0.57,
   0.57
  ],
  [
   0.68,
   0.71,
   0.66,
   0.68,
   0.68,
   0.76,
   0.62,
   0.68,
   0.36,
   0.57,
   0.57
  ],
  [
   0.44,
   0.34,
   0.34,
   0.3,
   0.54,
   0.37,
   0.46,
   0.36,
   0.29,
   0.37,
   0.36
  ],
  [
   0.58,
   0.58,
   0.57,
   0.58,
   0.6,
   0.61,
   0.57,
   0.57,
   0.37,
   0.43,
   0.54
  ],
  [
   0.57,
   0.58,
   0.57,
   0.57,
   0.6,
   0.61,
   0.57,
   0.57,
   0.36,
   0.54,
   0.43
  ]
 ],
 "chain_pair_pae_min": [
  [
   0.76,
   1.69,
   1.25,
   2.04,
   1.58,
   2.09,
   1.45,
   2.22,
   7.82,
   4.43,
   5.38
  ],
  [
   1.73,
   0.76,
   2.0,
   1.31,
   2.15,
   1.6,
   2.29,
   1.47,
   10.02,
   5.14,
   4.79
  ],
  [
   1.43,
   1.76,
   0.76,
   1.85,
   2.13,
   2.61,
   1.45,
   1.95,
   9.14,
   4.37,
   5.77
  ],
  [
   1.79,
   1.44,
   1.82,
   0.76,
   2.74,
   2.16,
   2.01,
   1.49,
   10.91,
   5.8,
   5.08
  ],
  [
   1.46,
   2.08,
   1.91,
   2.3,
   0.76,
   1.29,
   1.23,
   2.22,
   4.41,
   4.09,
   4.42
  ],
  [
   2.17,
   1.53,
   2.36,
   1.95,
   1.33,
   0.76,
   2.23,
   1.24,
   8.11,
   4.4,
   4.03
  ],
  [
   1.46,
   2.12,
   1.6,
   1.73,
   1.31,
   1.95,
   0.76,
   2.21,
   6.59,
   4.42,
   4.74
  ],
  [
   2.13,
   1.48,
   1.7,
   1.63,
   1.99,
   1.31,
   2.22,
   0.76,
   8.81,
   4.59,
   4.4
  ],
  [
   6.96,
   12.46,
   11.59,
   14.61,
   3.14,
   10.01,
   6.79,
   11.68,
   0.76,
   11.29,
   11.94
  ],
  [
   3.02,
   3.62,
   3.85,
   3.29,
   3.19,
   3.69,
   5.19,
   4.72,
   9.47,
   0.79,
   1.42
  ],
  [
   3.53,
   3.17,
   3.04,
   3.9,
   3.8,
   3.45,
   4.83,
   5.75,
   9.56,
   1.44,
   0.79
  ]
 ],
 "chain_ptm": [
  0.72,
  0.72,
  0.65,
  0.65,
  0.65,
  0.64,
  0.68,
  0.68,
  0.29,
  0.43,
  0.43
 ],
 "fraction_disordered": 0.36,
 "has_clash": 0.0,
 "iptm": 0.67,
 "num_recycles": 10.0,
 "ptm": 0.68,
 "ranking_score": 0.86
}