{
 "chain_iptm": [
  0.66,
  0.65,
  0.61,
  0.61,
  0.65,
  0.63,
  0.63,
  0.62,
  0.34,
  0.56,
  0.56
 ],
 "chain_pair_iptm": [
  [
   0.74,
   0.66,
   0.79,
   0.68,
   0.75,
   0.7,
   0.73,
   0.69,
   0.38,
   0.6,
   0.59
  ],
  [
   0.66,
   0.73,
   0.68,
   0.78,
   0.7,
   0.74,
   0.69,
   0.72,
   0.3,
   0.59,
   0.59
  ],
  [
   0.79,
   0.68,
   0.65,
   0.63,
   0.65,
   0.62,
   0.66,
   0.64,
   0.29,
   0.58,
   0.58
  ],
  [
   0.68,
   0.78,
   0.63,
   0.65,
   0.62,
   0.65,
   0.64,
   0.66,
   0.26,
   0.59,
   0.58
  ],
  [
   0.75,
   0.7,
   0.65,
   0.62,
   0.65,
   0.65,
   0.73,
   0.66,
   0.48,
   0.61,
   0.61
  ],
  [
   0.7,
   0.74,
   0.62,
   0.65,
   0.65,
   0.65,
   0.66,
   0.73,
   0.33,
   0.62,
   0.62
  ],
  [
   0.73,
   0.69,
   0.66,
   0.64,
   0.73,
   0.66,
   0.66,
   0.61,
   0.37,
   0.58,
   0.58
  ],
  [
   0.69,
   0.72,
   0.64,
   0.66,
   0.66,
   0.73,
   0.61,
   0.66,
   0.31,
   0.58,
   0.58
  ],
  [
   0.38,
   0.3,
   0.29,
   0.26,
   0.48,
   0.33,
   0.37,
   0.31,
   0.29,
   0.32,
   0.32
  ],
  [
   0.6,
   0.59,
   0.58,
   0.59,
   0.61,
   0.62,
   0.58,
   0.58,
   0.32,
   0.43,
   0.53
  ],
  [
   0.59,
   0.59,
   0.58,
   0.58,
   0.61,
   0.62,
   0.58,
   0.58,
   0.32,
   0.53,
   0.43
  ]
 ],
 "chain_pair_pae_min": [
  [
   0.76,
   1.66,
   1.2,
   2.02,
   1.51,
   2.09,
   1.4,
   2.23,
   9.92,
   4.06,
   4.95
  ],
  [
   1.69,
   0.76,
   1.97,
   1.25,
   2.12,
   1.55,
   2.27,
   1.43,
   11.78,
   4.94,
   4.18
  ],
  [
   1.41,
   1.72,
   0.76,
   1.79,
   2.11,
   2.62,
   1.37,
   1.94,
   10.88,
   4.08,
   5.23
  ],
  [
   1.74,
   1.44,
   1.78,
   0.76,
   2.75,
   2.09,
   1.99,
   1.41,
   12.47,
   5.36,
   4.54
  ],
  [
   1.42,
   2.16,
   1.86,
   2.31,
   0.76,
   1.29,
   1.19,
   2.2,
   5.25,
   3.92,
   4.26
  ],
  [
   2.16,
   1.49,
   2.38,
   1.92,
   1.3,
   0.76,
   2.18,
   1.22,
   9.72,
   4.26,
   3.94
  ],
  [
   1.39,
   2.08,
   1.52,
   1.7,
   1.25,
   1.95,
   0.76,
   2.18,
   8.81,
   4.24,
   4.65
  ],
  [
   2.11,
   1.44,
   1.66,
   1.56,
   2.0,
   1.26,
   2.17,
   0.76,
   10.79,
   4.65,
   4.33
  ],
  [
   8.41,
   15.03,
   14.66,
   16.75,
   3.88,
   12.01,
   8.67,
   14.12,
   0.76,
   12.7,
   12.89
  ],
  [
   2.88,
   3.21,
   3.92,
   3.13,
   3.4,
   3.75,
   5.91,
   4.41,
   11.16,
   0.79,
   1.39
  ],
  [
   3.38,
   3.04,
   2.98,
   3.85,
   3.93,
   3.75,
   4.82,
   5.79,
   10.7,
   1.45,
   0.79
  ]
 ],
 "chain_ptm": [
  0.74,
  0.73,
  0.65,
  0.65,
  0.65,
  0.65,
  0.66,
  0.66,
  0.29,
  0.43,
  0.43
 ],
 "fraction_disordered": 0.24,
 "has_clash": 0.0,
 "iptm": 0.67,
 "num_recycles": 10.0,
 "ptm": 0.68,
 "ranking_score": 0.79
}