{
 "chain_iptm": [
  0.66,
  0.65,
  0.63,
  0.62,
  0.66,
  0.64,
  0.65,
  0.64,
  0.39,
  0.56,
  0.56
 ],
 "chain_pair_iptm": [
  [
   0.73,
   0.67,
   0.79,
   0.68,
   0.75,
   0.7,
   0.73,
   0.7,
   0.44,
   0.59,
   0.58
  ],
  [
   0.67,
   0.73,
   0.69,
   0.78,
   0.7,
   0.74,
   0.69,
   0.72,
   0.34,
   0.59,
   0.59
  ],
  [
   0.79,
   0.69,
   0.66,
   0.64,
   0.65,
   0.63,
   0.69,
   0.67,
   0.35,
   0.58,
   0.58
  ],
  [
   0.68,
   0.78,
   0.64,
   0.66,
   0.63,
   0.65,
   0.67,
   0.69,
   0.31,
   0.58,
   0.58
  ],
  [
   0.75,
   0.7,
   0.65,
   0.63,
   0.66,
   0.66,
   0.77,
   0.68,
   0.54,
   0.61,
   0.61
  ],
  [
   0.7,
   0.74,
   0.63,
   0.65,
   0.66,
   0.65,
   0.68,
   0.76,
   0.38,
   0.62,
   0.62
  ],
  [
   0.73,
   0.69,
   0.69,
   0.67,
   0.77,
   0.68,
   0.69,
   0.63,
   0.46,
   0.58,
   0.58
  ],
  [
   0.7,
   0.72,
   0.67,
   0.69,
   0.68,
   0.76,
   0.63,
   0.69,
   0.37,
   0.58,
   0.58
  ],
  [
   0.44,
   0.34,
   0.35,
   0.31,
   0.54,
   0.38,
   0.46,
   0.37,
   0.29,
   0.37,
   0.37
  ],
  [
   0.59,
   0.59,
   0.58,
   0.58,
   0.61,
   0.62,
   0.58,
   0.58,
   0.37,
   0.43,
   0.53
  ],
  [
   0.58,
   0.59,
   0.58,
   0.58,
   0.61,
   0.62,
   0.58,
   0.58,
   0.37,
   0.53,
   0.43
  ]
 ],
 "chain_pair_pae_min": [
  [
   0.76,
   1.66,
   1.19,
   2.0,
   1.49,
   2.05,
   1.39,
   2.2,
   7.95,
   4.01,
   4.97
  ],
  [
   1.71,
   0.76,
   2.0,
   1.24,
   2.09,
   1.52,
   2.23,
   1.42,
   9.93,
   5.1,
   4.34
  ],
  [
   1.41,
   1.74,
   0.76,
   1.79,
   2.07,
   2.58,
   1.34,
   1.94,
   8.95,
   4.12,
   5.28
  ],
  [
   1.77,
   1.44,
   1.77,
   0.76,
   2.67,
   2.06,
   1.99,
   1.42,
   10.97,
   5.33,
   4.61
  ],
  [
   1.4,
   2.09,
   1.83,
   2.26,
   0.76,
   1.29,
   1.17,
   2.17,
   4.2,
   4.25,
   4.59
  ],
  [
   2.1,
   1.46,
   2.35,
   1.89,
   1.3,
   0.76,
   2.15,
   1.2,
   7.95,
   4.62,
   4.14
  ],
  [
   1.38,
   2.05,
   1.52,
   1.71,
   1.22,
   1.92,
   0.76,
   2.17,
   6.6,
   4.46,
   4.85
  ],
  [
   2.07,
   1.43,
   1.67,
   1.56,
   1.96,
   1.25,
   2.16,
   0.76,
   8.67,
   4.83,
   4.5
  ],
  [
   7.13,
   12.24,
   11.84,
   14.32,
   2.99,
   10.18,
   6.98,
   11.88,
   0.76,
   11.39,
   11.89
  ],
  [
   2.85,
   3.53,
   3.69,
   3.21,
   3.71,
   3.92,
   5.94,
   4.48,
   9.95,
   0.79,
   1.42
  ],
  [
   3.42,
   3.07,
   2.95,
   3.9,
   4.04,
   4.07,
   4.63,
   5.76,
   10.19,
   1.44,
   0.79
  ]
 ],
 "chain_ptm": [
  0.73,
  0.73,
  0.66,
  0.66,
  0.66,
  0.65,
  0.69,
  0.69,
  0.29,
  0.43,
  0.43
 ],
 "fraction_disordered": 0.26,
 "has_clash": 0.0,
 "iptm": 0.67,
 "num_recycles": 10.0,
 "ptm": 0.68,
 "ranking_score": 0.8
}