{
 "chain_iptm": [
  0.64,
  0.64,
  0.61,
  0.61,
  0.63,
  0.62,
  0.62,
  0.62,
  0.22,
  0.55,
  0.55
 ],
 "chain_pair_iptm": [
  [
   0.74,
   0.66,
   0.79,
   0.68,
   0.74,
   0.7,
   0.72,
   0.69,
   0.21,
   0.59,
   0.59
  ],
  [
   0.66,
   0.74,
   0.68,
   0.78,
   0.7,
   0.74,
   0.69,
   0.71,
   0.2,
   0.59,
   0.59
  ],
  [
   0.79,
   0.68,
   0.66,
   0.63,
   0.65,
   0.62,
   0.68,
   0.66,
   0.21,
   0.6,
   0.6
  ],
  [
   0.68,
   0.78,
   0.63,
   0.66,
   0.62,
   0.64,
   0.66,
   0.67,
   0.2,
   0.6,
   0.6
  ],
  [
   0.74,
   0.7,
   0.65,
   0.62,
   0.65,
   0.65,
   0.75,
   0.67,
   0.33,
   0.62,
   0.62
  ],
  [
   0.7,
   0.74,
   0.62,
   0.64,
   0.65,
   0.65,
   0.67,
   0.74,
   0.22,
   0.62,
   0.62
  ],
  [
   0.72,
   0.69,
   0.68,
   0.66,
   0.75,
   0.67,
   0.68,
   0.61,
   0.22,
   0.59,
   0.59
  ],
  [
   0.69,
   0.71,
   0.66,
   0.67,
   0.67,
   0.74,
   0.61,
   0.67,
   0.21,
   0.59,
   0.59
  ],
  [
   0.21,
   0.2,
   0.21,
   0.2,
   0.33,
   0.22,
   0.22,
   0.21,
   0.31,
   0.19,
   0.19
  ],
  [
   0.59,
   0.59,
   0.6,
   0.6,
   0.62,
   0.62,
   0.59,
   0.59,
   0.19,
   0.43,
   0.53
  ],
  [
   0.59,
   0.59,
   0.6,
   0.6,
   0.62,
   0.62,
   0.59,
   0.59,
   0.19,
   0.53,
   0.43
  ]
 ],
 "chain_pair_pae_min": [
  [
   0.76,
   1.71,
   1.26,
   1.94,
   1.62,
   2.11,
   1.44,
   2.18,
   15.17,
   4.05,
   4.81
  ],
  [
   1.72,
   0.76,
   1.91,
   1.28,
   2.15,
   1.67,
   2.23,
   1.46,
   17.07,
   4.8,
   4.21
  ],
  [
   1.42,
   1.77,
   0.76,
   1.77,
   2.13,
   2.64,
   1.39,
   1.91,
   15.33,
   3.9,
   4.97
  ],
  [
   1.78,
   1.42,
   1.76,
   0.76,
   2.74,
   2.14,
   1.92,
   1.44,
   16.45,
   4.8,
   4.21
  ],
  [
   1.52,
   2.2,
   1.93,
   2.28,
   0.76,
   1.31,
   1.26,
   2.29,
   10.82,
   4.46,
   4.51
  ],
  [
   2.2,
   1.57,
   2.37,
   1.96,
   1.34,
   0.76,
   2.3,
   1.26,
   14.4,
   4.57,
   4.44
  ],
  [
   1.41,
   2.12,
   1.53,
   1.67,
   1.29,
   2.08,
   0.76,
   2.24,
   14.15,
   4.56,
   4.67
  ],
  [
   2.11,
   1.48,
   1.74,
   1.6,
   2.13,
   1.33,
   2.27,
   0.76,
   16.17,
   4.33,
   4.52
  ],
  [
   16.15,
   21.32,
   22.37,
   24.33,
   7.31,
   20.25,
   16.97,
   22.52,
   0.76,
   17.93,
   18.41
  ],
  [
   3.03,
   3.58,
   3.83,
   3.26,
   4.29,
   4.5,
   6.04,
   4.5,
   19.08,
   0.79,
   1.47
  ],
  [
   3.58,
   3.37,
   3.04,
   3.93,
   4.7,
   4.51,
   4.71,
   5.9,
   18.8,
   1.5,
   0.79
  ]
 ],
 "chain_ptm": [
  0.74,
  0.74,
  0.66,
  0.66,
  0.65,
  0.65,
  0.68,
  0.67,
  0.31,
  0.43,
  0.43
 ],
 "fraction_disordered": 0.24,
 "has_clash": 0.0,
 "iptm": 0.67,
 "num_recycles": 10.0,
 "ptm": 0.68,
 "ranking_score": 0.79
}