{
 "chain_iptm": [
  0.64,
  0.64,
  0.61,
  0.61,
  0.63,
  0.62,
  0.61,
  0.61,
  0.22,
  0.55,
  0.55
 ],
 "chain_pair_iptm": [
  [
   0.74,
   0.67,
   0.79,
   0.69,
   0.75,
   0.7,
   0.72,
   0.69,
   0.23,
   0.6,
   0.59
  ],
  [
   0.67,
   0.74,
   0.69,
   0.78,
   0.7,
   0.74,
   0.69,
   0.72,
   0.2,
   0.59,
   0.59
  ],
  [
   0.79,
   0.69,
   0.66,
   0.64,
   0.65,
   0.63,
   0.66,
   0.65,
   0.2,
   0.59,
   0.59
  ],
  [
   0.69,
   0.78,
   0.64,
   0.66,
   0.63,
   0.65,
   0.65,
   0.66,
   0.2,
   0.6,
   0.6
  ],
  [
   0.75,
   0.7,
   0.65,
   0.63,
   0.65,
   0.65,
   0.73,
   0.66,
   0.34,
   0.62,
   0.62
  ],
  [
   0.7,
   0.74,
   0.63,
   0.65,
   0.65,
   0.65,
   0.65,
   0.73,
   0.22,
   0.62,
   0.62
  ],
  [
   0.72,
   0.69,
   0.66,
   0.65,
   0.73,
   0.65,
   0.66,
   0.6,
   0.23,
   0.59,
   0.59
  ],
  [
   0.69,
   0.72,
   0.65,
   0.66,
   0.66,
   0.73,
   0.6,
   0.66,
   0.21,
   0.59,
   0.59
  ],
  [
   0.23,
   0.2,
   0.2,
   0.2,
   0.34,
   0.22,
   0.23,
   0.21,
   0.31,
   0.2,
   0.2
  ],
  [
   0.6,
   0.59,
   0.59,
   0.6,
   0.62,
   0.62,
   0.59,
   0.59,
   0.2,
   0.43,
   0.53
  ],
  [
   0.59,
   0.59,
   0.59,
   0.6,
   0.62,
   0.62,
   0.59,
   0.59,
   0.2,
   0.53,
   0.43
  ]
 ],
 "chain_pair_pae_min": [
  [
   0.76,
   1.68,
   1.24,
   1.93,
   1.62,
   2.08,
   1.43,
   2.22,
   15.3,
   3.87,
   4.74
  ],
  [
   1.7,
   0.76,
   1.92,
   1.26,
   2.11,
   1.64,
   2.25,
   1.46,
   16.45,
   4.93,
   4.02
  ],
  [
   1.41,
   1.76,
   0.76,
   1.76,
   2.12,
   2.64,
   1.37,
   1.9,
   15.59,
   3.89,
   4.88
  ],
  [
   1.77,
   1.41,
   1.76,
   0.76,
   2.76,
   2.14,
   1.88,
   1.42,
   16.41,
   4.97,
   4.11
  ],
  [
   1.5,
   2.13,
   1.93,
   2.28,
   0.76,
   1.28,
   1.23,
   2.29,
   9.34,
   4.5,
   4.5
  ],
  [
   2.12,
   1.54,
   2.37,
   1.95,
   1.33,
   0.76,
   2.25,
   1.25,
   14.0,
   4.57,
   4.33
  ],
  [
   1.39,
   2.13,
   1.53,
   1.65,
   1.28,
   2.07,
   0.76,
   2.26,
   14.67,
   4.49,
   4.62
  ],
  [
   2.11,
   1.47,
   1.73,
   1.58,
   2.13,
   1.32,
   2.29,
   0.76,
   15.86,
   4.37,
   4.37
  ],
  [
   14.82,
   20.11,
   21.9,
   23.32,
   7.15,
   19.11,
   16.13,
   21.71,
   0.76,
   16.86,
   17.94
  ],
  [
   2.91,
   3.42,
   3.75,
   3.12,
   4.45,
   4.65,
   5.98,
   4.26,
   18.44,
   0.79,
   1.45
  ],
  [
   3.42,
   3.13,
   2.97,
   3.71,
   4.78,
   4.47,
   4.84,
   5.93,
   17.25,
   1.51,
   0.79
  ]
 ],
 "chain_ptm": [
  0.74,
  0.74,
  0.66,
  0.66,
  0.65,
  0.65,
  0.66,
  0.66,
  0.31,
  0.43,
  0.43
 ],
 "fraction_disordered": 0.24,
 "has_clash": 0.0,
 "iptm": 0.66,
 "num_recycles": 10.0,
 "ptm": 0.68,
 "ranking_score": 0.79
}