{
 "chain_iptm": [
  0.64,
  0.64,
  0.61,
  0.61,
  0.63,
  0.62,
  0.62,
  0.62,
  0.23,
  0.55,
  0.55
 ],
 "chain_pair_iptm": [
  [
   0.74,
   0.66,
   0.78,
   0.68,
   0.74,
   0.7,
   0.72,
   0.69,
   0.22,
   0.59,
   0.59
  ],
  [
   0.66,
   0.74,
   0.68,
   0.78,
   0.69,
   0.74,
   0.69,
   0.71,
   0.22,
   0.59,
   0.59
  ],
  [
   0.78,
   0.68,
   0.66,
   0.64,
   0.66,
   0.63,
   0.68,
   0.66,
   0.22,
   0.59,
   0.59
  ],
  [
   0.68,
   0.78,
   0.64,
   0.66,
   0.63,
   0.65,
   0.66,
   0.67,
   0.21,
   0.6,
   0.59
  ],
  [
   0.74,
   0.69,
   0.66,
   0.63,
   0.65,
   0.65,
   0.75,
   0.67,
   0.31,
   0.62,
   0.61
  ],
  [
   0.7,
   0.74,
   0.63,
   0.65,
   0.65,
   0.65,
   0.67,
   0.74,
   0.24,
   0.62,
   0.62
  ],
  [
   0.72,
   0.69,
   0.68,
   0.66,
   0.75,
   0.67,
   0.68,
   0.61,
   0.23,
   0.59,
   0.59
  ],
  [
   0.69,
   0.71,
   0.66,
   0.67,
   0.67,
   0.74,
   0.61,
   0.67,
   0.22,
   0.59,
   0.59
  ],
  [
   0.22,
   0.22,
   0.22,
   0.21,
   0.31,
   0.24,
   0.23,
   0.22,
   0.31,
   0.19,
   0.19
  ],
  [
   0.59,
   0.59,
   0.59,
   0.6,
   0.62,
   0.62,
   0.59,
   0.59,
   0.19,
   0.42,
   0.52
  ],
  [
   0.59,
   0.59,
   0.59,
   0.59,
   0.61,
   0.62,
   0.59,
   0.59,
   0.19,
   0.52,
   0.42
  ]
 ],
 "chain_pair_pae_min": [
  [
   0.76,
   1.71,
   1.26,
   1.95,
   1.53,
   2.1,
   1.45,
   2.2,
   14.85,
   4.14,
   4.8
  ],
  [
   1.73,
   0.76,
   1.93,
   1.28,
   2.12,
   1.58,
   2.24,
   1.5,
   15.23,
   4.95,
   4.37
  ],
  [
   1.42,
   1.78,
   0.76,
   1.79,
   2.13,
   2.62,
   1.39,
   1.89,
   15.12,
   4.16,
   5.11
  ],
  [
   1.8,
   1.44,
   1.78,
   0.76,
   2.74,
   2.15,
   1.9,
   1.5,
   14.89,
   5.01,
   4.59
  ],
  [
   1.51,
   2.15,
   1.94,
   2.28,
   0.76,
   1.32,
   1.24,
   2.33,
   10.94,
   4.49,
   4.45
  ],
  [
   2.17,
   1.57,
   2.37,
   1.99,
   1.34,
   0.76,
   2.25,
   1.26,
   14.76,
   4.61,
   4.49
  ],
  [
   1.44,
   2.13,
   1.56,
   1.75,
   1.27,
   2.07,
   0.76,
   2.31,
   14.49,
   4.5,
   4.86
  ],
  [
   2.14,
   1.54,
   1.75,
   1.64,
   2.1,
   1.34,
   2.33,
   0.76,
   15.3,
   4.61,
   4.58
  ],
  [
   16.75,
   15.86,
   22.62,
   17.99,
   8.33,
   15.73,
   17.53,
   20.37,
   0.76,
   17.46,
   18.88
  ],
  [
   3.06,
   3.66,
   3.89,
   3.45,
   4.43,
   4.6,
   6.36,
   4.55,
   15.6,
   0.79,
   1.47
  ],
  [
   3.64,
   3.38,
   3.15,
   4.2,
   4.76,
   4.67,
   4.85,
   6.14,
   15.88,
   1.49,
   0.79
  ]
 ],
 "chain_ptm": [
  0.74,
  0.74,
  0.66,
  0.66,
  0.65,
  0.65,
  0.68,
  0.67,
  0.31,
  0.42,
  0.42
 ],
 "fraction_disordered": 0.26,
 "has_clash": 0.0,
 "iptm": 0.67,
 "num_recycles": 10.0,
 "ptm": 0.68,
 "ranking_score": 0.81
}