{
 "chain_iptm": [
  0.63,
  0.63,
  0.61,
  0.6,
  0.63,
  0.62,
  0.61,
  0.61,
  0.23,
  0.55,
  0.54
 ],
 "chain_pair_iptm": [
  [
   0.73,
   0.66,
   0.78,
   0.68,
   0.74,
   0.69,
   0.71,
   0.68,
   0.23,
   0.58,
   0.58
  ],
  [
   0.66,
   0.73,
   0.68,
   0.78,
   0.69,
   0.73,
   0.68,
   0.71,
   0.22,
   0.58,
   0.58
  ],
  [
   0.78,
   0.68,
   0.66,
   0.63,
   0.65,
   0.62,
   0.66,
   0.65,
   0.22,
   0.59,
   0.59
  ],
  [
   0.68,
   0.78,
   0.63,
   0.66,
   0.62,
   0.64,
   0.64,
   0.66,
   0.22,
   0.59,
   0.59
  ],
  [
   0.74,
   0.69,
   0.65,
   0.62,
   0.64,
   0.64,
   0.73,
   0.65,
   0.31,
   0.61,
   0.61
  ],
  [
   0.69,
   0.73,
   0.62,
   0.64,
   0.64,
   0.64,
   0.65,
   0.73,
   0.24,
   0.62,
   0.61
  ],
  [
   0.71,
   0.68,
   0.66,
   0.64,
   0.73,
   0.65,
   0.66,
   0.6,
   0.24,
   0.59,
   0.59
  ],
  [
   0.68,
   0.71,
   0.65,
   0.66,
   0.65,
   0.73,
   0.6,
   0.66,
   0.22,
   0.58,
   0.58
  ],
  [
   0.23,
   0.22,
   0.22,
   0.22,
   0.31,
   0.24,
   0.24,
   0.22,
   0.31,
   0.19,
   0.19
  ],
  [
   0.58,
   0.58,
   0.59,
   0.59,
   0.61,
   0.62,
   0.59,
   0.58,
   0.19,
   0.42,
   0.52
  ],
  [
   0.58,
   0.58,
   0.59,
   0.59,
   0.61,
   0.61,
   0.59,
   0.58,
   0.19,
   0.52,
   0.42
  ]
 ],
 "chain_pair_pae_min": [
  [
   0.76,
   1.75,
   1.3,
   1.99,
   1.58,
   2.16,
   1.47,
   2.29,
   15.4,
   3.85,
   4.76
  ],
  [
   1.76,
   0.76,
   1.99,
   1.3,
   2.18,
   1.66,
   2.3,
   1.52,
   14.97,
   5.09,
   4.16
  ],
  [
   1.47,
   1.83,
   0.76,
   1.81,
   2.2,
   2.75,
   1.44,
   1.97,
   15.17,
   4.08,
   5.01
  ],
  [
   1.84,
   1.47,
   1.81,
   0.76,
   2.82,
   2.2,
   1.97,
   1.55,
   15.63,
   4.97,
   4.34
  ],
  [
   1.55,
   2.21,
   1.99,
   2.33,
   0.76,
   1.36,
   1.27,
   2.36,
   10.52,
   4.58,
   4.77
  ],
  [
   2.23,
   1.62,
   2.41,
   2.02,
   1.36,
   0.76,
   2.34,
   1.31,
   13.63,
   4.81,
   4.64
  ],
  [
   1.47,
   2.13,
   1.58,
   1.8,
   1.3,
   2.14,
   0.76,
   2.29,
   14.07,
   4.61,
   4.67
  ],
  [
   2.17,
   1.55,
   1.83,
   1.63,
   2.15,
   1.37,
   2.31,
   0.76,
   14.19,
   4.41,
   4.83
  ],
  [
   16.11,
   15.84,
   23.19,
   18.41,
   7.94,
   15.63,
   17.32,
   20.35,
   0.76,
   17.66,
   18.73
  ],
  [
   3.19,
   3.62,
   3.97,
   3.41,
   4.42,
   4.49,
   6.56,
   4.78,
   14.79,
   0.79,
   1.46
  ],
  [
   3.68,
   3.38,
   3.22,
   4.0,
   4.68,
   4.68,
   5.09,
   6.5,
   14.85,
   1.52,
   0.79
  ]
 ],
 "chain_ptm": [
  0.73,
  0.73,
  0.66,
  0.66,
  0.64,
  0.64,
  0.66,
  0.66,
  0.31,
  0.42,
  0.42
 ],
 "fraction_disordered": 0.26,
 "has_clash": 0.0,
 "iptm": 0.67,
 "num_recycles": 10.0,
 "ptm": 0.68,
 "ranking_score": 0.8
}