{
 "chain_iptm": [
  0.64,
  0.65,
  0.61,
  0.62,
  0.62,
  0.62,
  0.61,
  0.61,
  0.25,
  0.55,
  0.55
 ],
 "chain_pair_iptm": [
  [
   0.74,
   0.66,
   0.78,
   0.68,
   0.74,
   0.69,
   0.72,
   0.69,
   0.22,
   0.59,
   0.59
  ],
  [
   0.66,
   0.74,
   0.68,
   0.78,
   0.69,
   0.74,
   0.69,
   0.71,
   0.36,
   0.59,
   0.59
  ],
  [
   0.78,
   0.68,
   0.66,
   0.64,
   0.65,
   0.62,
   0.66,
   0.65,
   0.22,
   0.6,
   0.6
  ],
  [
   0.68,
   0.78,
   0.64,
   0.66,
   0.63,
   0.64,
   0.65,
   0.66,
   0.33,
   0.6,
   0.6
  ],
  [
   0.74,
   0.69,
   0.65,
   0.63,
   0.64,
   0.64,
   0.73,
   0.65,
   0.26,
   0.62,
   0.62
  ],
  [
   0.69,
   0.74,
   0.62,
   0.64,
   0.64,
   0.64,
   0.65,
   0.72,
   0.23,
   0.62,
   0.62
  ],
  [
   0.72,
   0.69,
   0.66,
   0.65,
   0.73,
   0.65,
   0.66,
   0.6,
   0.25,
   0.59,
   0.59
  ],
  [
   0.69,
   0.71,
   0.65,
   0.66,
   0.65,
   0.72,
   0.6,
   0.66,
   0.23,
   0.59,
   0.59
  ],
  [
   0.22,
   0.36,
   0.22,
   0.33,
   0.26,
   0.23,
   0.25,
   0.23,
   0.3,
   0.21,
   0.2
  ],
  [
   0.59,
   0.59,
   0.6,
   0.6,
   0.62,
   0.62,
   0.59,
   0.59,
   0.21,
   0.42,
   0.52
  ],
  [
   0.59,
   0.59,
   0.6,
   0.6,
   0.62,
   0.62,
   0.59,
   0.59,
   0.2,
   0.52,
   0.42
  ]
 ],
 "chain_pair_pae_min": [
  [
   0.76,
   1.73,
   1.26,
   1.92,
   1.55,
   2.12,
   1.46,
   2.21,
   11.82,
   3.7,
   4.49
  ],
  [
   1.74,
   0.76,
   1.9,
   1.29,
   2.13,
   1.68,
   2.28,
   1.53,
   9.77,
   4.58,
   3.88
  ],
  [
   1.43,
   1.76,
   0.76,
   1.79,
   2.15,
   2.69,
   1.4,
   1.9,
   12.04,
   3.99,
   4.84
  ],
  [
   1.77,
   1.45,
   1.78,
   0.76,
   2.78,
   2.14,
   1.92,
   1.45,
   10.07,
   4.69,
   4.23
  ],
  [
   1.53,
   2.22,
   1.97,
   2.3,
   0.76,
   1.34,
   1.25,
   2.31,
   11.13,
   4.78,
   4.71
  ],
  [
   2.2,
   1.61,
   2.38,
   2.02,
   1.34,
   0.76,
   2.31,
   1.28,
   11.47,
   4.79,
   4.67
  ],
  [
   1.45,
   2.15,
   1.57,
   1.74,
   1.3,
   2.11,
   0.76,
   2.29,
   11.71,
   4.67,
   4.45
  ],
  [
   2.16,
   1.53,
   1.78,
   1.66,
   2.13,
   1.36,
   2.31,
   0.76,
   11.96,
   4.24,
   4.61
  ],
  [
   18.52,
   10.96,
   18.05,
   12.6,
   9.24,
   12.95,
   16.56,
   15.55,
   0.76,
   18.72,
   19.67
  ],
  [
   2.96,
   3.41,
   3.79,
   3.19,
   4.53,
   4.67,
   6.11,
   4.93,
   12.35,
   0.79,
   1.49
  ],
  [
   3.4,
   3.34,
   2.99,
   3.88,
   4.68,
   4.54,
   5.01,
   6.0,
   11.65,
   1.52,
   0.79
  ]
 ],
 "chain_ptm": [
  0.74,
  0.74,
  0.66,
  0.66,
  0.64,
  0.64,
  0.66,
  0.66,
  0.3,
  0.42,
  0.42
 ],
 "fraction_disordered": 0.27,
 "has_clash": 0.0,
 "iptm": 0.67,
 "num_recycles": 10.0,
 "ptm": 0.68,
 "ranking_score": 0.8
}