{
 "chain_iptm": [
  0.67,
  0.65,
  0.64,
  0.62,
  0.64,
  0.64,
  0.64,
  0.64,
  0.49,
  0.56,
  0.56
 ],
 "chain_pair_iptm": [
  [
   0.74,
   0.66,
   0.77,
   0.67,
   0.73,
   0.69,
   0.71,
   0.68,
   0.63,
   0.59,
   0.58
  ],
  [
   0.66,
   0.73,
   0.67,
   0.77,
   0.68,
   0.73,
   0.68,
   0.7,
   0.44,
   0.58,
   0.58
  ],
  [
   0.77,
   0.67,
   0.67,
   0.64,
   0.65,
   0.63,
   0.67,
   0.65,
   0.58,
   0.57,
   0.57
  ],
  [
   0.67,
   0.77,
   0.64,
   0.66,
   0.62,
   0.65,
   0.65,
   0.66,
   0.4,
   0.58,
   0.57
  ],
  [
   0.73,
   0.68,
   0.65,
   0.62,
   0.65,
   0.64,
   0.75,
   0.66,
   0.49,
   0.6,
   0.6
  ],
  [
   0.69,
   0.73,
   0.63,
   0.65,
   0.64,
   0.64,
   0.67,
   0.74,
   0.46,
   0.61,
   0.61
  ],
  [
   0.71,
   0.68,
   0.67,
   0.65,
   0.75,
   0.67,
   0.68,
   0.61,
   0.48,
   0.58,
   0.58
  ],
  [
   0.68,
   0.7,
   0.65,
   0.66,
   0.66,
   0.74,
   0.61,
   0.68,
   0.5,
   0.57,
   0.57
  ],
  [
   0.63,
   0.44,
   0.58,
   0.4,
   0.49,
   0.46,
   0.48,
   0.5,
   0.33,
   0.43,
   0.43
  ],
  [
   0.59,
   0.58,
   0.57,
   0.58,
   0.6,
   0.61,
   0.58,
   0.57,
   0.43,
   0.43,
   0.53
  ],
  [
   0.58,
   0.58,
   0.57,
   0.57,
   0.6,
   0.61,
   0.58,
   0.57,
   0.43,
   0.53,
   0.43
  ]
 ],
 "chain_pair_pae_min": [
  [
   0.76,
   1.77,
   1.39,
   2.21,
   1.74,
   2.24,
   1.55,
   2.32,
   2.82,
   4.6,
   5.03
  ],
  [
   1.82,
   0.76,
   2.14,
   1.63,
   2.27,
   1.73,
   2.34,
   1.58,
   5.27,
   5.02,
   4.63
  ],
  [
   1.52,
   1.88,
   0.76,
   1.84,
   2.41,
   2.85,
   1.63,
   2.01,
   3.89,
   4.82,
   5.44
  ],
  [
   1.86,
   1.55,
   1.79,
   0.76,
   2.89,
   2.44,
   2.04,
   1.7,
   5.09,
   5.66,
   5.07
  ],
  [
   1.61,
   2.32,
   2.14,
   2.53,
   0.76,
   1.37,
   1.41,
   2.39,
   4.09,
   4.53,
   4.51
  ],
  [
   2.3,
   1.72,
   2.56,
   2.18,
   1.35,
   0.76,
   2.38,
   1.47,
   4.31,
   4.4,
   4.43
  ],
  [
   1.63,
   2.25,
   1.86,
   1.88,
   1.45,
   2.19,
   0.76,
   2.32,
   4.77,
   4.78,
   5.14
  ],
  [
   2.27,
   1.68,
   1.89,
   1.98,
   2.22,
   1.57,
   2.33,
   0.76,
   4.77,
   5.02,
   4.93
  ],
  [
   3.45,
   10.19,
   4.46,
   10.68,
   4.18,
   4.47,
   6.6,
   8.25,
   0.76,
   11.4,
   11.7
  ],
  [
   2.78,
   3.58,
   3.44,
   3.15,
   4.23,
   4.23,
   6.0,
   5.0,
   7.68,
   0.79,
   1.45
  ],
  [
   3.39,
   2.99,
   3.05,
   3.43,
   4.33,
   4.44,
   4.92,
   5.99,
   7.55,
   1.48,
   0.79
  ]
 ],
 "chain_ptm": [
  0.74,
  0.73,
  0.67,
  0.66,
  0.65,
  0.64,
  0.68,
  0.68,
  0.33,
  0.43,
  0.43
 ],
 "fraction_disordered": 0.27,
 "has_clash": 0.0,
 "iptm": 0.68,
 "num_recycles": 10.0,
 "ptm": 0.69,
 "ranking_score": 0.82
}