{
 "chain_iptm": [
  0.63,
  0.63,
  0.6,
  0.6,
  0.62,
  0.62,
  0.61,
  0.61,
  0.23,
  0.54,
  0.54
 ],
 "chain_pair_iptm": [
  [
   0.73,
   0.66,
   0.77,
   0.67,
   0.73,
   0.68,
   0.71,
   0.68,
   0.23,
   0.58,
   0.58
  ],
  [
   0.66,
   0.73,
   0.67,
   0.76,
   0.68,
   0.72,
   0.68,
   0.7,
   0.22,
   0.58,
   0.58
  ],
  [
   0.77,
   0.67,
   0.66,
   0.64,
   0.64,
   0.62,
   0.66,
   0.64,
   0.23,
   0.58,
   0.58
  ],
  [
   0.67,
   0.76,
   0.64,
   0.66,
   0.62,
   0.64,
   0.64,
   0.66,
   0.22,
   0.58,
   0.58
  ],
  [
   0.73,
   0.68,
   0.64,
   0.62,
   0.64,
   0.64,
   0.74,
   0.66,
   0.3,
   0.6,
   0.6
  ],
  [
   0.68,
   0.72,
   0.62,
   0.64,
   0.64,
   0.65,
   0.66,
   0.74,
   0.24,
   0.61,
   0.61
  ],
  [
   0.71,
   0.68,
   0.66,
   0.64,
   0.74,
   0.66,
   0.67,
   0.61,
   0.23,
   0.58,
   0.58
  ],
  [
   0.68,
   0.7,
   0.64,
   0.66,
   0.66,
   0.74,
   0.61,
   0.67,
   0.22,
   0.58,
   0.58
  ],
  [
   0.23,
   0.22,
   0.23,
   0.22,
   0.3,
   0.24,
   0.23,
   0.22,
   0.27,
   0.19,
   0.19
  ],
  [
   0.58,
   0.58,
   0.58,
   0.58,
   0.6,
   0.61,
   0.58,
   0.58,
   0.19,
   0.44,
   0.54
  ],
  [
   0.58,
   0.58,
   0.58,
   0.58,
   0.6,
   0.61,
   0.58,
   0.58,
   0.19,
   0.54,
   0.43
  ]
 ],
 "chain_pair_pae_min": [
  [
   0.76,
   1.76,
   1.37,
   2.17,
   1.7,
   2.13,
   1.55,
   2.27,
   11.04,
   4.56,
   4.97
  ],
  [
   1.78,
   0.76,
   2.11,
   1.66,
   2.22,
   1.83,
   2.3,
   1.55,
   13.41,
   4.88,
   4.61
  ],
  [
   1.53,
   1.88,
   0.76,
   1.81,
   2.39,
   2.86,
   1.68,
   2.05,
   12.28,
   4.63,
   5.29
  ],
  [
   1.85,
   1.55,
   1.75,
   0.76,
   2.97,
   2.42,
   2.09,
   1.72,
   12.79,
   5.53,
   4.91
  ],
  [
   1.6,
   2.3,
   2.13,
   2.56,
   0.76,
   1.35,
   1.41,
   2.3,
   10.65,
   4.37,
   4.44
  ],
  [
   2.24,
   1.72,
   2.53,
   2.19,
   1.35,
   0.76,
   2.35,
   1.47,
   11.44,
   4.31,
   4.1
  ],
  [
   1.61,
   2.25,
   1.87,
   1.93,
   1.44,
   2.15,
   0.76,
   2.29,
   11.47,
   4.71,
   5.03
  ],
  [
   2.22,
   1.64,
   1.87,
   1.97,
   2.19,
   1.58,
   2.3,
   0.76,
   11.62,
   4.89,
   4.61
  ],
  [
   11.52,
   22.75,
   15.96,
   24.47,
   10.34,
   11.21,
   16.05,
   20.4,
   0.76,
   17.09,
   16.48
  ],
  [
   2.85,
   3.6,
   3.69,
   3.26,
   4.18,
   4.45,
   5.92,
   4.86,
   11.56,
   0.79,
   1.44
  ],
  [
   3.55,
   2.99,
   3.23,
   3.52,
   4.42,
   4.82,
   4.89,
   5.98,
   11.74,
   1.46,
   0.79
  ]
 ],
 "chain_ptm": [
  0.73,
  0.73,
  0.66,
  0.66,
  0.64,
  0.65,
  0.67,
  0.67,
  0.27,
  0.44,
  0.43
 ],
 "fraction_disordered": 0.24,
 "has_clash": 0.0,
 "iptm": 0.64,
 "num_recycles": 10.0,
 "ptm": 0.65,
 "ranking_score": 0.76
}