{
 "chain_iptm": [
  0.64,
  0.63,
  0.61,
  0.6,
  0.64,
  0.62,
  0.62,
  0.61,
  0.31,
  0.55,
  0.55
 ],
 "chain_pair_iptm": [
  [
   0.73,
   0.66,
   0.77,
   0.67,
   0.73,
   0.69,
   0.71,
   0.68,
   0.37,
   0.59,
   0.58
  ],
  [
   0.66,
   0.73,
   0.67,
   0.77,
   0.69,
   0.73,
   0.68,
   0.7,
   0.26,
   0.58,
   0.58
  ],
  [
   0.77,
   0.67,
   0.66,
   0.64,
   0.65,
   0.62,
   0.66,
   0.65,
   0.34,
   0.57,
   0.57
  ],
  [
   0.67,
   0.77,
   0.64,
   0.66,
   0.62,
   0.64,
   0.64,
   0.66,
   0.25,
   0.58,
   0.58
  ],
  [
   0.73,
   0.69,
   0.65,
   0.62,
   0.65,
   0.65,
   0.74,
   0.66,
   0.44,
   0.6,
   0.6
  ],
  [
   0.69,
   0.73,
   0.62,
   0.64,
   0.65,
   0.65,
   0.66,
   0.73,
   0.28,
   0.6,
   0.6
  ],
  [
   0.71,
   0.68,
   0.66,
   0.64,
   0.74,
   0.66,
   0.67,
   0.61,
   0.35,
   0.57,
   0.58
  ],
  [
   0.68,
   0.7,
   0.65,
   0.66,
   0.66,
   0.73,
   0.61,
   0.67,
   0.27,
   0.57,
   0.57
  ],
  [
   0.37,
   0.26,
   0.34,
   0.25,
   0.44,
   0.28,
   0.35,
   0.27,
   0.3,
   0.3,
   0.3
  ],
  [
   0.59,
   0.58,
   0.57,
   0.58,
   0.6,
   0.6,
   0.57,
   0.57,
   0.3,
   0.43,
   0.53
  ],
  [
   0.58,
   0.58,
   0.57,
   0.58,
   0.6,
   0.6,
   0.58,
   0.57,
   0.3,
   0.53,
   0.43
  ]
 ],
 "chain_pair_pae_min": [
  [
   0.76,
   1.77,
   1.37,
   2.16,
   1.7,
   2.19,
   1.54,
   2.29,
   7.21,
   4.28,
   4.95
  ],
  [
   1.8,
   0.76,
   2.15,
   1.64,
   2.26,
   1.78,
   2.34,
   1.55,
   8.45,
   4.88,
   4.21
  ],
  [
   1.53,
   1.85,
   0.76,
   1.83,
   2.4,
   2.89,
   1.66,
   2.02,
   6.93,
   4.75,
   5.27
  ],
  [
   1.84,
   1.55,
   1.77,
   0.76,
   2.94,
   2.46,
   2.01,
   1.72,
   9.02,
   5.34,
   4.95
  ],
  [
   1.56,
   2.27,
   2.13,
   2.55,
   0.76,
   1.34,
   1.4,
   2.36,
   5.76,
   4.8,
   4.73
  ],
  [
   2.2,
   1.74,
   2.57,
   2.17,
   1.34,
   0.76,
   2.38,
   1.49,
   8.65,
   4.77,
   4.71
  ],
  [
   1.58,
   2.25,
   1.85,
   1.88,
   1.49,
   2.19,
   0.76,
   2.29,
   8.76,
   5.1,
   5.07
  ],
  [
   2.26,
   1.65,
   1.87,
   1.93,
   2.23,
   1.59,
   2.33,
   0.76,
   8.81,
   4.84,
   5.17
  ],
  [
   9.27,
   17.7,
   8.05,
   18.99,
   4.84,
   11.49,
   11.27,
   17.52,
   0.76,
   13.75,
   14.32
  ],
  [
   2.84,
   3.54,
   3.47,
   3.18,
   4.44,
   4.61,
   6.0,
   4.69,
   11.21,
   0.79,
   1.44
  ],
  [
   3.39,
   2.97,
   3.06,
   3.44,
   4.67,
   4.97,
   4.94,
   6.0,
   11.48,
   1.48,
   0.79
  ]
 ],
 "chain_ptm": [
  0.73,
  0.73,
  0.66,
  0.66,
  0.65,
  0.65,
  0.67,
  0.67,
  0.3,
  0.43,
  0.43
 ],
 "fraction_disordered": 0.25,
 "has_clash": 0.0,
 "iptm": 0.66,
 "num_recycles": 10.0,
 "ptm": 0.67,
 "ranking_score": 0.78
}