{
 "chain_iptm": [
  0.63,
  0.62,
  0.6,
  0.6,
  0.63,
  0.61,
  0.62,
  0.6,
  0.29,
  0.53,
  0.53
 ],
 "chain_pair_iptm": [
  [
   0.74,
   0.66,
   0.77,
   0.67,
   0.73,
   0.69,
   0.71,
   0.68,
   0.32,
   0.56,
   0.56
  ],
  [
   0.66,
   0.73,
   0.66,
   0.76,
   0.68,
   0.72,
   0.67,
   0.7,
   0.24,
   0.56,
   0.56
  ],
  [
   0.77,
   0.66,
   0.66,
   0.64,
   0.64,
   0.62,
   0.66,
   0.64,
   0.26,
   0.56,
   0.56
  ],
  [
   0.67,
   0.76,
   0.64,
   0.66,
   0.62,
   0.64,
   0.64,
   0.66,
   0.22,
   0.56,
   0.56
  ],
  [
   0.73,
   0.68,
   0.64,
   0.62,
   0.65,
   0.64,
   0.74,
   0.66,
   0.42,
   0.58,
   0.58
  ],
  [
   0.69,
   0.72,
   0.62,
   0.64,
   0.64,
   0.64,
   0.66,
   0.73,
   0.26,
   0.58,
   0.58
  ],
  [
   0.71,
   0.67,
   0.66,
   0.64,
   0.74,
   0.66,
   0.68,
   0.61,
   0.34,
   0.56,
   0.56
  ],
  [
   0.68,
   0.7,
   0.64,
   0.66,
   0.66,
   0.73,
   0.61,
   0.67,
   0.25,
   0.56,
   0.56
  ],
  [
   0.32,
   0.24,
   0.26,
   0.22,
   0.42,
   0.26,
   0.34,
   0.25,
   0.31,
   0.28,
   0.28
  ],
  [
   0.56,
   0.56,
   0.56,
   0.56,
   0.58,
   0.58,
   0.56,
   0.56,
   0.28,
   0.43,
   0.53
  ],
  [
   0.56,
   0.56,
   0.56,
   0.56,
   0.58,
   0.58,
   0.56,
   0.56,
   0.28,
   0.53,
   0.43
  ]
 ],
 "chain_pair_pae_min": [
  [
   0.76,
   1.78,
   1.57,
   2.23,
   1.85,
   2.24,
   1.58,
   2.28,
   12.08,
   4.83,
   5.61
  ],
  [
   1.81,
   0.76,
   2.19,
   1.72,
   2.26,
   1.98,
   2.39,
   1.64,
   11.47,
   5.39,
   4.94
  ],
  [
   1.59,
   1.91,
   0.76,
   1.84,
   2.52,
   3.0,
   1.88,
   2.09,
   12.57,
   5.0,
   5.9
  ],
  [
   1.91,
   1.61,
   1.8,
   0.76,
   3.01,
   2.6,
   2.13,
   1.89,
   12.04,
   6.05,
   5.32
  ],
  [
   1.63,
   2.27,
   2.25,
   2.63,
   0.76,
   1.36,
   1.42,
   2.39,
   6.84,
   4.81,
   4.78
  ],
  [
   2.24,
   1.86,
   2.63,
   2.29,
   1.35,
   0.76,
   2.4,
   1.61,
   12.29,
   4.72,
   4.77
  ],
  [
   1.67,
   2.27,
   2.01,
   2.02,
   1.5,
   2.18,
   0.76,
   2.32,
   11.87,
   5.33,
   5.49
  ],
  [
   2.29,
   1.72,
   1.99,
   2.08,
   2.23,
   1.7,
   2.34,
   0.76,
   12.55,
   5.31,
   5.39
  ],
  [
   12.93,
   18.26,
   16.7,
   18.87,
   7.04,
   15.97,
   11.66,
   17.52,
   0.76,
   14.8,
   15.07
  ],
  [
   3.31,
   4.19,
   4.11,
   3.7,
   4.82,
   4.95,
   6.67,
   6.06,
   16.5,
   0.79,
   1.46
  ],
  [
   4.02,
   3.59,
   3.63,
   4.03,
   5.05,
   5.26,
   5.94,
   6.92,
   16.12,
   1.47,
   0.79
  ]
 ],
 "chain_ptm": [
  0.74,
  0.73,
  0.66,
  0.66,
  0.65,
  0.64,
  0.68,
  0.67,
  0.31,
  0.43,
  0.43
 ],
 "fraction_disordered": 0.23,
 "has_clash": 0.0,
 "iptm": 0.64,
 "num_recycles": 10.0,
 "ptm": 0.66,
 "ranking_score": 0.76
}