{
 "chain_iptm": [
  0.65,
  0.64,
  0.61,
  0.61,
  0.64,
  0.62,
  0.62,
  0.61,
  0.35,
  0.55,
  0.55
 ],
 "chain_pair_iptm": [
  [
   0.74,
   0.66,
   0.77,
   0.67,
   0.73,
   0.69,
   0.71,
   0.68,
   0.4,
   0.59,
   0.58
  ],
  [
   0.66,
   0.73,
   0.67,
   0.77,
   0.69,
   0.73,
   0.68,
   0.71,
   0.31,
   0.58,
   0.58
  ],
  [
   0.77,
   0.67,
   0.66,
   0.64,
   0.65,
   0.63,
   0.65,
   0.65,
   0.32,
   0.57,
   0.57
  ],
  [
   0.67,
   0.77,
   0.64,
   0.66,
   0.62,
   0.64,
   0.64,
   0.65,
   0.28,
   0.57,
   0.57
  ],
  [
   0.73,
   0.69,
   0.65,
   0.62,
   0.65,
   0.65,
   0.73,
   0.65,
   0.5,
   0.59,
   0.59
  ],
  [
   0.69,
   0.73,
   0.63,
   0.64,
   0.65,
   0.65,
   0.65,
   0.73,
   0.32,
   0.6,
   0.6
  ],
  [
   0.71,
   0.68,
   0.65,
   0.64,
   0.73,
   0.65,
   0.66,
   0.6,
   0.4,
   0.57,
   0.57
  ],
  [
   0.68,
   0.71,
   0.65,
   0.65,
   0.65,
   0.73,
   0.6,
   0.66,
   0.31,
   0.57,
   0.57
  ],
  [
   0.4,
   0.31,
   0.32,
   0.28,
   0.5,
   0.32,
   0.4,
   0.31,
   0.3,
   0.33,
   0.33
  ],
  [
   0.59,
   0.58,
   0.57,
   0.57,
   0.59,
   0.6,
   0.57,
   0.57,
   0.33,
   0.43,
   0.53
  ],
  [
   0.58,
   0.58,
   0.57,
   0.57,
   0.59,
   0.6,
   0.57,
   0.57,
   0.33,
   0.53,
   0.43
  ]
 ],
 "chain_pair_pae_min": [
  [
   0.76,
   1.74,
   1.38,
   2.16,
   1.65,
   2.18,
   1.53,
   2.31,
   7.21,
   4.5,
   5.29
  ],
  [
   1.78,
   0.76,
   2.11,
   1.66,
   2.24,
   1.74,
   2.33,
   1.54,
   7.55,
   5.06,
   4.56
  ],
  [
   1.53,
   1.85,
   0.76,
   1.81,
   2.37,
   2.87,
   1.58,
   1.98,
   6.83,
   4.78,
   5.48
  ],
  [
   1.84,
   1.55,
   1.78,
   0.76,
   2.85,
   2.41,
   2.02,
   1.66,
   8.02,
   5.7,
   5.07
  ],
  [
   1.53,
   2.28,
   2.12,
   2.54,
   0.76,
   1.3,
   1.35,
   2.26,
   5.11,
   4.73,
   4.74
  ],
  [
   2.21,
   1.67,
   2.55,
   2.16,
   1.3,
   0.76,
   2.3,
   1.42,
   7.46,
   4.6,
   4.49
  ],
  [
   1.57,
   2.23,
   1.87,
   1.89,
   1.44,
   2.16,
   0.76,
   2.28,
   7.84,
   4.85,
   5.23
  ],
  [
   2.24,
   1.64,
   1.86,
   1.92,
   2.2,
   1.58,
   2.29,
   0.76,
   7.98,
   5.0,
   4.99
  ],
  [
   8.65,
   15.25,
   7.79,
   16.65,
   4.21,
   11.15,
   9.97,
   15.94,
   0.76,
   13.23,
   13.95
  ],
  [
   2.86,
   3.41,
   3.55,
   3.16,
   4.43,
   4.4,
   6.0,
   5.18,
   9.18,
   0.79,
   1.43
  ],
  [
   3.51,
   3.04,
   3.08,
   3.6,
   4.59,
   4.84,
   5.16,
   6.08,
   10.22,
   1.46,
   0.79
  ]
 ],
 "chain_ptm": [
  0.74,
  0.73,
  0.66,
  0.66,
  0.65,
  0.65,
  0.66,
  0.66,
  0.3,
  0.43,
  0.43
 ],
 "fraction_disordered": 0.24,
 "has_clash": 0.0,
 "iptm": 0.65,
 "num_recycles": 10.0,
 "ptm": 0.67,
 "ranking_score": 0.77
}