{
 "chain_iptm": [
  0.65,
  0.64,
  0.61,
  0.61,
  0.64,
  0.63,
  0.63,
  0.62,
  0.42,
  0.55,
  0.55
 ],
 "chain_pair_iptm": [
  [
   0.73,
   0.66,
   0.77,
   0.66,
   0.73,
   0.68,
   0.71,
   0.68,
   0.47,
   0.58,
   0.57
  ],
  [
   0.66,
   0.73,
   0.66,
   0.76,
   0.68,
   0.72,
   0.67,
   0.7,
   0.38,
   0.57,
   0.57
  ],
  [
   0.77,
   0.66,
   0.66,
   0.63,
   0.64,
   0.62,
   0.66,
   0.64,
   0.38,
   0.57,
   0.57
  ],
  [
   0.66,
   0.76,
   0.63,
   0.66,
   0.62,
   0.63,
   0.64,
   0.66,
   0.34,
   0.57,
   0.56
  ],
  [
   0.73,
   0.68,
   0.64,
   0.62,
   0.65,
   0.65,
   0.74,
   0.66,
   0.56,
   0.59,
   0.59
  ],
  [
   0.68,
   0.72,
   0.62,
   0.63,
   0.65,
   0.64,
   0.66,
   0.74,
   0.39,
   0.59,
   0.59
  ],
  [
   0.71,
   0.67,
   0.66,
   0.64,
   0.74,
   0.66,
   0.68,
   0.61,
   0.47,
   0.56,
   0.56
  ],
  [
   0.68,
   0.7,
   0.64,
   0.66,
   0.66,
   0.74,
   0.61,
   0.67,
   0.39,
   0.56,
   0.56
  ],
  [
   0.47,
   0.38,
   0.38,
   0.34,
   0.56,
   0.39,
   0.47,
   0.39,
   0.31,
   0.4,
   0.4
  ],
  [
   0.58,
   0.57,
   0.57,
   0.57,
   0.59,
   0.59,
   0.56,
   0.56,
   0.4,
   0.43,
   0.53
  ],
  [
   0.57,
   0.57,
   0.57,
   0.56,
   0.59,
   0.59,
   0.56,
   0.56,
   0.4,
   0.53,
   0.42
  ]
 ],
 "chain_pair_pae_min": [
  [
   0.76,
   1.75,
   1.46,
   2.2,
   1.73,
   2.25,
   1.59,
   2.34,
   8.46,
   4.5,
   5.41
  ],
  [
   1.78,
   0.76,
   2.19,
   1.57,
   2.29,
   1.8,
   2.38,
   1.63,
   10.05,
   5.38,
   4.75
  ],
  [
   1.55,
   1.88,
   0.76,
   1.84,
   2.48,
   2.83,
   1.7,
   2.14,
   9.34,
   4.86,
   5.68
  ],
  [
   1.88,
   1.55,
   1.83,
   0.76,
   2.93,
   2.5,
   2.1,
   1.8,
   11.17,
   5.7,
   5.15
  ],
  [
   1.64,
   2.33,
   2.19,
   2.62,
   0.76,
   1.32,
   1.46,
   2.41,
   4.43,
   4.79,
   4.63
  ],
  [
   2.32,
   1.76,
   2.63,
   2.29,
   1.35,
   0.76,
   2.47,
   1.53,
   8.29,
   4.65,
   4.7
  ],
  [
   1.65,
   2.29,
   1.95,
   1.92,
   1.54,
   2.24,
   0.76,
   2.32,
   8.21,
   5.15,
   5.23
  ],
  [
   2.33,
   1.69,
   1.97,
   2.01,
   2.26,
   1.65,
   2.37,
   0.76,
   9.44,
   5.11,
   5.04
  ],
  [
   8.01,
   11.46,
   11.89,
   14.0,
   3.41,
   11.38,
   7.93,
   13.23,
   0.76,
   11.59,
   12.14
  ],
  [
   3.03,
   3.86,
   3.85,
   3.39,
   4.5,
   4.55,
   6.28,
   4.99,
   12.53,
   0.79,
   1.43
  ],
  [
   3.71,
   3.21,
   3.16,
   3.75,
   4.59,
   4.78,
   5.39,
   6.07,
   12.05,
   1.45,
   0.79
  ]
 ],
 "chain_ptm": [
  0.73,
  0.73,
  0.66,
  0.66,
  0.65,
  0.64,
  0.68,
  0.67,
  0.31,
  0.43,
  0.42
 ],
 "fraction_disordered": 0.22,
 "has_clash": 0.0,
 "iptm": 0.65,
 "num_recycles": 10.0,
 "ptm": 0.66,
 "ranking_score": 0.76
}