{
 "chain_iptm": [
  0.64,
  0.63,
  0.6,
  0.6,
  0.63,
  0.61,
  0.61,
  0.6,
  0.28,
  0.54,
  0.54
 ],
 "chain_pair_iptm": [
  [
   0.74,
   0.66,
   0.77,
   0.67,
   0.73,
   0.69,
   0.71,
   0.68,
   0.31,
   0.59,
   0.57
  ],
  [
   0.66,
   0.74,
   0.67,
   0.77,
   0.69,
   0.72,
   0.68,
   0.7,
   0.24,
   0.57,
   0.58
  ],
  [
   0.77,
   0.67,
   0.66,
   0.64,
   0.65,
   0.62,
   0.66,
   0.64,
   0.25,
   0.56,
   0.56
  ],
  [
   0.67,
   0.77,
   0.64,
   0.66,
   0.62,
   0.64,
   0.65,
   0.65,
   0.21,
   0.57,
   0.57
  ],
  [
   0.73,
   0.69,
   0.65,
   0.62,
   0.65,
   0.64,
   0.73,
   0.65,
   0.41,
   0.59,
   0.59
  ],
  [
   0.69,
   0.72,
   0.62,
   0.64,
   0.64,
   0.64,
   0.65,
   0.72,
   0.26,
   0.59,
   0.59
  ],
  [
   0.71,
   0.68,
   0.66,
   0.65,
   0.73,
   0.65,
   0.67,
   0.6,
   0.31,
   0.57,
   0.57
  ],
  [
   0.68,
   0.7,
   0.64,
   0.65,
   0.65,
   0.72,
   0.6,
   0.66,
   0.25,
   0.56,
   0.56
  ],
  [
   0.31,
   0.24,
   0.25,
   0.21,
   0.41,
   0.26,
   0.31,
   0.25,
   0.29,
   0.27,
   0.27
  ],
  [
   0.59,
   0.57,
   0.56,
   0.57,
   0.59,
   0.59,
   0.57,
   0.56,
   0.27,
   0.43,
   0.53
  ],
  [
   0.57,
   0.58,
   0.56,
   0.57,
   0.59,
   0.59,
   0.57,
   0.56,
   0.27,
   0.53,
   0.42
  ]
 ],
 "chain_pair_pae_min": [
  [
   0.76,
   1.73,
   1.44,
   2.19,
   1.81,
   2.19,
   1.6,
   2.33,
   13.43,
   4.56,
   5.21
  ],
  [
   1.76,
   0.76,
   2.19,
   1.55,
   2.26,
   1.91,
   2.36,
   1.63,
   14.37,
   5.02,
   4.68
  ],
  [
   1.53,
   1.87,
   0.76,
   1.84,
   2.46,
   2.83,
   1.69,
   2.09,
   13.55,
   4.6,
   5.49
  ],
  [
   1.86,
   1.55,
   1.81,
   0.76,
   3.04,
   2.42,
   2.08,
   1.76,
   15.27,
   5.58,
   4.97
  ],
  [
   1.63,
   2.36,
   2.16,
   2.64,
   0.76,
   1.32,
   1.45,
   2.53,
   6.73,
   4.61,
   4.63
  ],
  [
   2.41,
   1.78,
   2.71,
   2.27,
   1.33,
   0.76,
   2.47,
   1.53,
   12.82,
   4.61,
   4.55
  ],
  [
   1.63,
   2.31,
   1.88,
   1.92,
   1.57,
   2.19,
   0.76,
   2.3,
   12.55,
   5.19,
   5.05
  ],
  [
   2.3,
   1.67,
   1.95,
   1.96,
   2.31,
   1.64,
   2.33,
   0.76,
   14.78,
   4.94,
   5.17
  ],
  [
   12.56,
   20.02,
   17.46,
   20.75,
   5.65,
   16.33,
   12.47,
   19.79,
   0.76,
   15.38,
   15.72
  ],
  [
   2.85,
   3.65,
   3.56,
   3.15,
   4.51,
   4.71,
   6.06,
   4.91,
   16.62,
   0.79,
   1.44
  ],
  [
   3.58,
   3.05,
   3.06,
   3.64,
   4.75,
   5.03,
   5.21,
   5.93,
   16.18,
   1.48,
   0.79
  ]
 ],
 "chain_ptm": [
  0.74,
  0.74,
  0.66,
  0.66,
  0.65,
  0.64,
  0.67,
  0.66,
  0.29,
  0.43,
  0.42
 ],
 "fraction_disordered": 0.22,
 "has_clash": 0.0,
 "iptm": 0.62,
 "num_recycles": 10.0,
 "ptm": 0.64,
 "ranking_score": 0.73
}