{
 "chain_iptm": [
  0.66,
  0.64,
  0.62,
  0.62,
  0.65,
  0.63,
  0.64,
  0.62,
  0.43,
  0.56,
  0.56
 ],
 "chain_pair_iptm": [
  [
   0.74,
   0.66,
   0.77,
   0.67,
   0.73,
   0.69,
   0.71,
   0.68,
   0.48,
   0.59,
   0.57
  ],
  [
   0.66,
   0.74,
   0.67,
   0.77,
   0.69,
   0.72,
   0.68,
   0.7,
   0.38,
   0.58,
   0.58
  ],
  [
   0.77,
   0.67,
   0.66,
   0.64,
   0.65,
   0.62,
   0.67,
   0.65,
   0.4,
   0.57,
   0.57
  ],
  [
   0.67,
   0.77,
   0.64,
   0.66,
   0.62,
   0.64,
   0.65,
   0.66,
   0.35,
   0.58,
   0.57
  ],
  [
   0.73,
   0.69,
   0.65,
   0.62,
   0.66,
   0.65,
   0.75,
   0.66,
   0.57,
   0.59,
   0.59
  ],
  [
   0.69,
   0.72,
   0.62,
   0.64,
   0.65,
   0.64,
   0.67,
   0.74,
   0.4,
   0.6,
   0.6
  ],
  [
   0.71,
   0.68,
   0.67,
   0.65,
   0.75,
   0.67,
   0.68,
   0.61,
   0.48,
   0.57,
   0.57
  ],
  [
   0.68,
   0.7,
   0.65,
   0.66,
   0.66,
   0.74,
   0.61,
   0.67,
   0.4,
   0.57,
   0.57
  ],
  [
   0.48,
   0.38,
   0.4,
   0.35,
   0.57,
   0.4,
   0.48,
   0.4,
   0.3,
   0.41,
   0.4
  ],
  [
   0.59,
   0.58,
   0.57,
   0.58,
   0.59,
   0.6,
   0.57,
   0.57,
   0.41,
   0.43,
   0.53
  ],
  [
   0.57,
   0.58,
   0.57,
   0.57,
   0.59,
   0.6,
   0.57,
   0.57,
   0.4,
   0.53,
   0.43
  ]
 ],
 "chain_pair_pae_min": [
  [
   0.76,
   1.73,
   1.44,
   2.19,
   1.7,
   2.19,
   1.55,
   2.3,
   8.85,
   4.51,
   5.22
  ],
  [
   1.78,
   0.76,
   2.18,
   1.54,
   2.23,
   1.85,
   2.33,
   1.6,
   9.93,
   5.11,
   4.53
  ],
  [
   1.54,
   1.86,
   0.76,
   1.82,
   2.33,
   2.76,
   1.6,
   1.99,
   9.69,
   4.53,
   5.47
  ],
  [
   1.87,
   1.54,
   1.79,
   0.76,
   2.89,
   2.37,
   2.01,
   1.67,
   11.65,
   5.49,
   4.89
  ],
  [
   1.58,
   2.31,
   2.11,
   2.56,
   0.76,
   1.33,
   1.37,
   2.36,
   4.41,
   4.54,
   4.41
  ],
  [
   2.27,
   1.7,
   2.6,
   2.2,
   1.35,
   0.76,
   2.41,
   1.44,
   8.6,
   4.41,
   4.37
  ],
  [
   1.57,
   2.21,
   1.83,
   1.85,
   1.49,
   2.19,
   0.76,
   2.29,
   8.33,
   4.88,
   4.83
  ],
  [
   2.27,
   1.65,
   1.87,
   1.89,
   2.23,
   1.6,
   2.33,
   0.76,
   9.47,
   5.04,
   4.97
  ],
  [
   7.84,
   13.67,
   11.67,
   14.43,
   3.45,
   10.78,
   7.79,
   12.77,
   0.76,
   11.53,
   11.89
  ],
  [
   2.91,
   3.67,
   3.46,
   3.02,
   4.46,
   4.46,
   6.0,
   4.62,
   12.39,
   0.79,
   1.42
  ],
  [
   3.62,
   3.07,
   2.99,
   3.52,
   4.56,
   4.89,
   4.73,
   5.84,
   12.62,
   1.46,
   0.79
  ]
 ],
 "chain_ptm": [
  0.74,
  0.74,
  0.66,
  0.66,
  0.66,
  0.64,
  0.68,
  0.67,
  0.3,
  0.43,
  0.43
 ],
 "fraction_disordered": 0.21,
 "has_clash": 0.0,
 "iptm": 0.64,
 "num_recycles": 10.0,
 "ptm": 0.65,
 "ranking_score": 0.75
}