{
 "chain_iptm": [
  0.64,
  0.63,
  0.61,
  0.6,
  0.64,
  0.62,
  0.62,
  0.61,
  0.36,
  0.54,
  0.54
 ],
 "chain_pair_iptm": [
  [
   0.73,
   0.65,
   0.77,
   0.66,
   0.73,
   0.68,
   0.7,
   0.67,
   0.4,
   0.57,
   0.57
  ],
  [
   0.65,
   0.73,
   0.66,
   0.76,
   0.68,
   0.72,
   0.67,
   0.7,
   0.31,
   0.57,
   0.57
  ],
  [
   0.77,
   0.66,
   0.66,
   0.63,
   0.64,
   0.61,
   0.66,
   0.64,
   0.32,
   0.56,
   0.57
  ],
  [
   0.66,
   0.76,
   0.63,
   0.66,
   0.62,
   0.63,
   0.64,
   0.66,
   0.29,
   0.57,
   0.56
  ],
  [
   0.73,
   0.68,
   0.64,
   0.62,
   0.65,
   0.64,
   0.74,
   0.65,
   0.5,
   0.58,
   0.58
  ],
  [
   0.68,
   0.72,
   0.61,
   0.63,
   0.64,
   0.64,
   0.66,
   0.73,
   0.33,
   0.59,
   0.59
  ],
  [
   0.7,
   0.67,
   0.66,
   0.64,
   0.74,
   0.66,
   0.68,
   0.61,
   0.4,
   0.56,
   0.56
  ],
  [
   0.67,
   0.7,
   0.64,
   0.66,
   0.65,
   0.73,
   0.61,
   0.67,
   0.33,
   0.56,
   0.56
  ],
  [
   0.4,
   0.31,
   0.32,
   0.29,
   0.5,
   0.33,
   0.4,
   0.33,
   0.3,
   0.34,
   0.34
  ],
  [
   0.57,
   0.57,
   0.56,
   0.57,
   0.58,
   0.59,
   0.56,
   0.56,
   0.34,
   0.42,
   0.52
  ],
  [
   0.57,
   0.57,
   0.57,
   0.56,
   0.58,
   0.59,
   0.56,
   0.56,
   0.34,
   0.52,
   0.42
  ]
 ],
 "chain_pair_pae_min": [
  [
   0.76,
   1.79,
   1.5,
   2.23,
   1.75,
   2.26,
   1.62,
   2.38,
   10.7,
   4.61,
   5.3
  ],
  [
   1.81,
   0.76,
   2.2,
   1.61,
   2.27,
   1.87,
   2.4,
   1.67,
   12.36,
   5.38,
   4.77
  ],
  [
   1.57,
   1.86,
   0.76,
   1.86,
   2.53,
   2.93,
   1.71,
   2.16,
   11.55,
   4.78,
   5.71
  ],
  [
   1.87,
   1.57,
   1.84,
   0.76,
   3.06,
   2.49,
   2.14,
   1.79,
   13.1,
   5.59,
   5.17
  ],
  [
   1.66,
   2.36,
   2.23,
   2.69,
   0.76,
   1.37,
   1.51,
   2.52,
   5.01,
   4.98,
   4.81
  ],
  [
   2.37,
   1.79,
   2.76,
   2.31,
   1.35,
   0.76,
   2.5,
   1.62,
   10.04,
   4.71,
   4.85
  ],
  [
   1.67,
   2.27,
   1.95,
   2.0,
   1.58,
   2.29,
   0.76,
   2.35,
   10.27,
   5.36,
   5.49
  ],
  [
   2.34,
   1.72,
   1.98,
   2.0,
   2.32,
   1.68,
   2.34,
   0.76,
   11.51,
   5.11,
   5.25
  ],
  [
   9.57,
   14.87,
   14.36,
   16.82,
   4.2,
   13.25,
   9.54,
   15.55,
   0.76,
   13.19,
   13.77
  ],
  [
   3.12,
   3.81,
   3.87,
   3.36,
   4.68,
   4.71,
   6.35,
   4.99,
   13.42,
   0.79,
   1.45
  ],
  [
   3.8,
   3.33,
   3.15,
   3.96,
   4.77,
   4.9,
   5.25,
   6.19,
   13.38,
   1.48,
   0.79
  ]
 ],
 "chain_ptm": [
  0.73,
  0.73,
  0.66,
  0.66,
  0.65,
  0.64,
  0.68,
  0.67,
  0.3,
  0.42,
  0.42
 ],
 "fraction_disordered": 0.22,
 "has_clash": 0.0,
 "iptm": 0.64,
 "num_recycles": 10.0,
 "ptm": 0.65,
 "ranking_score": 0.75
}