{
 "chain_iptm": [
  0.66,
  0.65,
  0.63,
  0.62,
  0.65,
  0.64,
  0.64,
  0.63,
  0.45,
  0.56,
  0.56
 ],
 "chain_pair_iptm": [
  [
   0.74,
   0.67,
   0.78,
   0.68,
   0.74,
   0.69,
   0.72,
   0.69,
   0.5,
   0.59,
   0.58
  ],
  [
   0.67,
   0.74,
   0.68,
   0.77,
   0.69,
   0.73,
   0.69,
   0.71,
   0.42,
   0.58,
   0.59
  ],
  [
   0.78,
   0.68,
   0.66,
   0.64,
   0.65,
   0.63,
   0.67,
   0.65,
   0.42,
   0.57,
   0.57
  ],
  [
   0.68,
   0.77,
   0.64,
   0.66,
   0.63,
   0.65,
   0.65,
   0.66,
   0.38,
   0.58,
   0.58
  ],
  [
   0.74,
   0.69,
   0.65,
   0.63,
   0.66,
   0.65,
   0.74,
   0.66,
   0.57,
   0.6,
   0.6
  ],
  [
   0.69,
   0.73,
   0.63,
   0.65,
   0.65,
   0.65,
   0.66,
   0.73,
   0.42,
   0.6,
   0.6
  ],
  [
   0.72,
   0.69,
   0.67,
   0.65,
   0.74,
   0.66,
   0.67,
   0.61,
   0.5,
   0.58,
   0.58
  ],
  [
   0.69,
   0.71,
   0.65,
   0.66,
   0.66,
   0.73,
   0.61,
   0.67,
   0.42,
   0.57,
   0.57
  ],
  [
   0.5,
   0.42,
   0.42,
   0.38,
   0.57,
   0.42,
   0.5,
   0.42,
   0.31,
   0.42,
   0.42
  ],
  [
   0.59,
   0.58,
   0.57,
   0.58,
   0.6,
   0.6,
   0.58,
   0.57,
   0.42,
   0.43,
   0.53
  ],
  [
   0.58,
   0.59,
   0.57,
   0.58,
   0.6,
   0.6,
   0.58,
   0.57,
   0.42,
   0.53,
   0.43
  ]
 ],
 "chain_pair_pae_min": [
  [
   0.76,
   1.74,
   1.42,
   2.15,
   1.65,
   2.16,
   1.54,
   2.28,
   8.5,
   4.34,
   5.14
  ],
  [
   1.75,
   0.76,
   2.14,
   1.54,
   2.2,
   1.75,
   2.32,
   1.56,
   9.72,
   5.04,
   4.58
  ],
  [
   1.48,
   1.82,
   0.76,
   1.79,
   2.28,
   2.76,
   1.61,
   2.07,
   9.29,
   4.56,
   5.49
  ],
  [
   1.84,
   1.5,
   1.77,
   0.76,
   2.87,
   2.36,
   2.04,
   1.7,
   11.18,
   5.44,
   4.67
  ],
  [
   1.57,
   2.28,
   2.08,
   2.53,
   0.76,
   1.31,
   1.38,
   2.32,
   4.3,
   4.38,
   4.37
  ],
  [
   2.27,
   1.65,
   2.55,
   2.17,
   1.32,
   0.76,
   2.38,
   1.43,
   8.06,
   4.41,
   4.15
  ],
  [
   1.57,
   2.2,
   1.82,
   1.87,
   1.48,
   2.15,
   0.76,
   2.25,
   7.49,
   4.75,
   4.73
  ],
  [
   2.21,
   1.63,
   1.89,
   1.9,
   2.22,
   1.57,
   2.3,
   0.76,
   8.9,
   4.83,
   4.66
  ],
  [
   7.71,
   12.52,
   11.04,
   13.28,
   3.92,
   10.24,
   7.57,
   12.0,
   0.76,
   11.46,
   12.14
  ],
  [
   2.79,
   3.57,
   3.5,
   3.11,
   4.35,
   4.32,
   6.07,
   4.46,
   12.31,
   0.79,
   1.42
  ],
  [
   3.4,
   3.03,
   2.91,
   3.53,
   4.4,
   4.49,
   4.8,
   5.84,
   11.33,
   1.46,
   0.79
  ]
 ],
 "chain_ptm": [
  0.74,
  0.74,
  0.66,
  0.66,
  0.66,
  0.65,
  0.67,
  0.67,
  0.31,
  0.43,
  0.43
 ],
 "fraction_disordered": 0.21,
 "has_clash": 0.0,
 "iptm": 0.64,
 "num_recycles": 10.0,
 "ptm": 0.66,
 "ranking_score": 0.75
}