{
 "chain_iptm": [
  0.64,
  0.63,
  0.61,
  0.6,
  0.64,
  0.62,
  0.62,
  0.61,
  0.41,
  0.54,
  0.54
 ],
 "chain_pair_iptm": [
  [
   0.73,
   0.66,
   0.76,
   0.65,
   0.72,
   0.68,
   0.7,
   0.67,
   0.46,
   0.57,
   0.56
  ],
  [
   0.66,
   0.73,
   0.65,
   0.75,
   0.68,
   0.72,
   0.67,
   0.69,
   0.36,
   0.56,
   0.56
  ],
  [
   0.76,
   0.65,
   0.66,
   0.63,
   0.64,
   0.61,
   0.64,
   0.63,
   0.37,
   0.56,
   0.56
  ],
  [
   0.65,
   0.75,
   0.63,
   0.66,
   0.61,
   0.63,
   0.63,
   0.64,
   0.33,
   0.56,
   0.56
  ],
  [
   0.72,
   0.68,
   0.64,
   0.61,
   0.65,
   0.65,
   0.72,
   0.64,
   0.55,
   0.58,
   0.58
  ],
  [
   0.68,
   0.72,
   0.61,
   0.63,
   0.65,
   0.64,
   0.64,
   0.72,
   0.38,
   0.59,
   0.59
  ],
  [
   0.7,
   0.67,
   0.64,
   0.63,
   0.72,
   0.64,
   0.66,
   0.6,
   0.46,
   0.56,
   0.56
  ],
  [
   0.67,
   0.69,
   0.63,
   0.64,
   0.64,
   0.72,
   0.6,
   0.66,
   0.38,
   0.56,
   0.56
  ],
  [
   0.46,
   0.36,
   0.37,
   0.33,
   0.55,
   0.38,
   0.46,
   0.38,
   0.3,
   0.38,
   0.38
  ],
  [
   0.57,
   0.56,
   0.56,
   0.56,
   0.58,
   0.59,
   0.56,
   0.56,
   0.38,
   0.43,
   0.53
  ],
  [
   0.56,
   0.56,
   0.56,
   0.56,
   0.58,
   0.59,
   0.56,
   0.56,
   0.38,
   0.53,
   0.43
  ]
 ],
 "chain_pair_pae_min": [
  [
   0.76,
   1.84,
   1.75,
   2.33,
   2.0,
   2.39,
   1.7,
   2.44,
   8.84,
   4.67,
   5.63
  ],
  [
   1.91,
   0.76,
   2.33,
   2.0,
   2.47,
   2.1,
   2.51,
   1.73,
   10.26,
   5.51,
   4.91
  ],
  [
   1.73,
   2.03,
   0.76,
   1.89,
   2.7,
   3.32,
   1.94,
   2.42,
   9.39,
   5.26,
   6.15
  ],
  [
   2.04,
   1.75,
   1.86,
   0.76,
   3.42,
   2.78,
   2.49,
   2.0,
   11.65,
   6.35,
   5.47
  ],
  [
   1.82,
   2.47,
   2.43,
   2.76,
   0.76,
   1.4,
   1.55,
   2.49,
   4.27,
   5.32,
   5.24
  ],
  [
   2.53,
   1.96,
   2.75,
   2.51,
   1.4,
   0.76,
   2.54,
   1.63,
   7.99,
   5.18,
   5.04
  ],
  [
   1.77,
   2.45,
   2.17,
   2.15,
   1.72,
   2.32,
   0.76,
   2.36,
   7.82,
   5.72,
   5.64
  ],
  [
   2.49,
   1.8,
   2.15,
   2.33,
   2.31,
   1.8,
   2.41,
   0.76,
   9.56,
   5.35,
   5.76
  ],
  [
   8.29,
   13.1,
   12.66,
   15.27,
   3.44,
   11.43,
   7.53,
   13.27,
   0.76,
   12.29,
   12.93
  ],
  [
   3.28,
   3.77,
   4.24,
   3.71,
   4.69,
   4.73,
   6.41,
   5.17,
   12.48,
   0.79,
   1.44
  ],
  [
   4.03,
   3.23,
   3.55,
   4.2,
   4.93,
   5.0,
   5.65,
   6.39,
   12.29,
   1.47,
   0.79
  ]
 ],
 "chain_ptm": [
  0.73,
  0.73,
  0.66,
  0.66,
  0.65,
  0.64,
  0.66,
  0.66,
  0.3,
  0.43,
  0.43
 ],
 "fraction_disordered": 0.24,
 "has_clash": 0.0,
 "iptm": 0.64,
 "num_recycles": 10.0,
 "ptm": 0.65,
 "ranking_score": 0.76
}