{
 "chain_iptm": [
  0.62,
  0.61,
  0.59,
  0.58,
  0.62,
  0.61,
  0.61,
  0.6,
  0.29,
  0.53,
  0.52
 ],
 "chain_pair_iptm": [
  [
   0.73,
   0.65,
   0.75,
   0.64,
   0.71,
   0.67,
   0.69,
   0.66,
   0.34,
   0.56,
   0.55
  ],
  [
   0.65,
   0.72,
   0.64,
   0.74,
   0.67,
   0.71,
   0.66,
   0.69,
   0.25,
   0.56,
   0.55
  ],
  [
   0.75,
   0.64,
   0.66,
   0.62,
   0.63,
   0.61,
   0.66,
   0.63,
   0.26,
   0.55,
   0.55
  ],
  [
   0.64,
   0.74,
   0.62,
   0.65,
   0.61,
   0.63,
   0.63,
   0.65,
   0.22,
   0.55,
   0.55
  ],
  [
   0.71,
   0.67,
   0.63,
   0.61,
   0.65,
   0.64,
   0.74,
   0.65,
   0.44,
   0.57,
   0.57
  ],
  [
   0.67,
   0.71,
   0.61,
   0.63,
   0.64,
   0.64,
   0.65,
   0.73,
   0.28,
   0.58,
   0.58
  ],
  [
   0.69,
   0.66,
   0.66,
   0.63,
   0.74,
   0.65,
   0.68,
   0.61,
   0.33,
   0.55,
   0.55
  ],
  [
   0.66,
   0.69,
   0.63,
   0.65,
   0.65,
   0.73,
   0.61,
   0.67,
   0.27,
   0.55,
   0.55
  ],
  [
   0.34,
   0.25,
   0.26,
   0.22,
   0.44,
   0.28,
   0.33,
   0.27,
   0.3,
   0.28,
   0.28
  ],
  [
   0.56,
   0.56,
   0.55,
   0.55,
   0.57,
   0.58,
   0.55,
   0.55,
   0.28,
   0.42,
   0.53
  ],
  [
   0.55,
   0.55,
   0.55,
   0.55,
   0.57,
   0.58,
   0.55,
   0.55,
   0.28,
   0.53,
   0.42
  ]
 ],
 "chain_pair_pae_min": [
  [
   0.76,
   1.89,
   1.85,
   2.43,
   2.07,
   2.38,
   1.73,
   2.48,
   11.28,
   5.11,
   5.85
  ],
  [
   1.91,
   0.76,
   2.42,
   2.05,
   2.47,
   2.2,
   2.49,
   1.78,
   14.15,
   5.88,
   5.42
  ],
  [
   1.75,
   2.08,
   0.76,
   1.94,
   2.77,
   3.24,
   1.99,
   2.45,
   12.28,
   5.58,
   6.48
  ],
  [
   2.09,
   1.76,
   1.92,
   0.76,
   3.48,
   2.78,
   2.42,
   2.06,
   14.46,
   6.45,
   5.85
  ],
  [
   1.88,
   2.56,
   2.49,
   2.81,
   0.76,
   1.44,
   1.61,
   2.63,
   7.62,
   5.26,
   5.13
  ],
  [
   2.57,
   2.01,
   2.88,
   2.56,
   1.43,
   0.76,
   2.65,
   1.7,
   11.59,
   5.22,
   5.0
  ],
  [
   1.78,
   2.43,
   2.25,
   2.21,
   1.75,
   2.36,
   0.76,
   2.45,
   11.82,
   5.93,
   5.78
  ],
  [
   2.46,
   1.83,
   2.25,
   2.4,
   2.35,
   1.84,
   2.44,
   0.76,
   13.8,
   5.55,
   5.72
  ],
  [
   11.52,
   17.87,
   17.02,
   20.08,
   6.29,
   15.08,
   11.28,
   18.12,
   0.76,
   14.48,
   15.3
  ],
  [
   3.4,
   4.02,
   4.32,
   3.73,
   5.05,
   4.73,
   6.37,
   5.29,
   15.93,
   0.79,
   1.43
  ],
  [
   4.08,
   3.45,
   3.6,
   4.17,
   4.9,
   5.41,
   5.42,
   6.52,
   15.41,
   1.46,
   0.79
  ]
 ],
 "chain_ptm": [
  0.73,
  0.72,
  0.66,
  0.65,
  0.65,
  0.64,
  0.68,
  0.67,
  0.3,
  0.42,
  0.42
 ],
 "fraction_disordered": 0.26,
 "has_clash": 0.0,
 "iptm": 0.63,
 "num_recycles": 10.0,
 "ptm": 0.64,
 "ranking_score": 0.76
}