{
 "chain_iptm": [
  0.64,
  0.63,
  0.61,
  0.6,
  0.64,
  0.62,
  0.62,
  0.61,
  0.41,
  0.54,
  0.54
 ],
 "chain_pair_iptm": [
  [
   0.73,
   0.66,
   0.76,
   0.65,
   0.72,
   0.68,
   0.7,
   0.67,
   0.46,
   0.57,
   0.55
  ],
  [
   0.66,
   0.73,
   0.65,
   0.75,
   0.68,
   0.72,
   0.67,
   0.7,
   0.37,
   0.56,
   0.57
  ],
  [
   0.76,
   0.65,
   0.66,
   0.63,
   0.64,
   0.61,
   0.66,
   0.64,
   0.37,
   0.55,
   0.55
  ],
  [
   0.65,
   0.75,
   0.63,
   0.66,
   0.61,
   0.63,
   0.63,
   0.65,
   0.33,
   0.56,
   0.56
  ],
  [
   0.72,
   0.68,
   0.64,
   0.61,
   0.65,
   0.65,
   0.73,
   0.65,
   0.55,
   0.58,
   0.58
  ],
  [
   0.68,
   0.72,
   0.61,
   0.63,
   0.65,
   0.64,
   0.65,
   0.73,
   0.39,
   0.58,
   0.58
  ],
  [
   0.7,
   0.67,
   0.66,
   0.63,
   0.73,
   0.65,
   0.67,
   0.6,
   0.47,
   0.55,
   0.55
  ],
  [
   0.67,
   0.7,
   0.64,
   0.65,
   0.65,
   0.73,
   0.6,
   0.67,
   0.39,
   0.55,
   0.55
  ],
  [
   0.46,
   0.37,
   0.37,
   0.33,
   0.55,
   0.39,
   0.47,
   0.39,
   0.3,
   0.39,
   0.38
  ],
  [
   0.57,
   0.56,
   0.55,
   0.56,
   0.58,
   0.58,
   0.55,
   0.55,
   0.39,
   0.43,
   0.53
  ],
  [
   0.55,
   0.57,
   0.55,
   0.56,
   0.58,
   0.58,
   0.55,
   0.55,
   0.38,
   0.53,
   0.42
  ]
 ],
 "chain_pair_pae_min": [
  [
   0.76,
   1.85,
   1.76,
   2.42,
   1.99,
   2.41,
   1.71,
   2.46,
   10.1,
   4.8,
   5.97
  ],
  [
   1.87,
   0.76,
   2.37,
   1.97,
   2.48,
   2.11,
   2.51,
   1.76,
   11.92,
   5.81,
   5.02
  ],
  [
   1.69,
   2.02,
   0.76,
   1.88,
   2.7,
   3.28,
   1.96,
   2.41,
   10.69,
   5.27,
   6.24
  ],
  [
   2.03,
   1.69,
   1.86,
   0.76,
   3.43,
   2.74,
   2.49,
   2.0,
   12.6,
   6.39,
   5.68
  ],
  [
   1.79,
   2.51,
   2.41,
   2.73,
   0.76,
   1.4,
   1.56,
   2.55,
   5.22,
   5.44,
   5.47
  ],
  [
   2.52,
   1.96,
   2.73,
   2.52,
   1.42,
   0.76,
   2.53,
   1.65,
   9.23,
   5.29,
   5.23
  ],
  [
   1.77,
   2.44,
   2.24,
   2.21,
   1.73,
   2.35,
   0.76,
   2.34,
   9.04,
   5.8,
   5.83
  ],
  [
   2.46,
   1.82,
   2.21,
   2.42,
   2.32,
   1.81,
   2.37,
   0.76,
   10.88,
   5.34,
   5.8
  ],
  [
   8.26,
   13.14,
   12.49,
   14.79,
   3.66,
   11.13,
   7.63,
   13.21,
   0.76,
   12.63,
   12.95
  ],
  [
   3.3,
   4.03,
   4.15,
   3.72,
   4.93,
   4.92,
   6.29,
   5.08,
   13.18,
   0.79,
   1.42
  ],
  [
   4.01,
   3.4,
   3.63,
   4.04,
   5.09,
   5.14,
   4.98,
   6.3,
   13.39,
   1.45,
   0.79
  ]
 ],
 "chain_ptm": [
  0.73,
  0.73,
  0.66,
  0.66,
  0.65,
  0.64,
  0.67,
  0.67,
  0.3,
  0.43,
  0.42
 ],
 "fraction_disordered": 0.2,
 "has_clash": 0.0,
 "iptm": 0.63,
 "num_recycles": 10.0,
 "ptm": 0.64,
 "ranking_score": 0.73
}