{
 "chain_iptm": [
  0.62,
  0.61,
  0.59,
  0.58,
  0.62,
  0.61,
  0.61,
  0.6,
  0.32,
  0.53,
  0.53
 ],
 "chain_pair_iptm": [
  [
   0.72,
   0.65,
   0.75,
   0.64,
   0.71,
   0.66,
   0.69,
   0.66,
   0.34,
   0.55,
   0.55
  ],
  [
   0.65,
   0.73,
   0.64,
   0.74,
   0.67,
   0.71,
   0.66,
   0.69,
   0.27,
   0.56,
   0.56
  ],
  [
   0.75,
   0.64,
   0.65,
   0.62,
   0.62,
   0.6,
   0.65,
   0.63,
   0.27,
   0.55,
   0.55
  ],
  [
   0.64,
   0.74,
   0.62,
   0.65,
   0.6,
   0.62,
   0.63,
   0.64,
   0.25,
   0.55,
   0.55
  ],
  [
   0.71,
   0.67,
   0.62,
   0.6,
   0.65,
   0.64,
   0.74,
   0.64,
   0.46,
   0.58,
   0.58
  ],
  [
   0.66,
   0.71,
   0.6,
   0.62,
   0.64,
   0.64,
   0.65,
   0.73,
   0.31,
   0.58,
   0.58
  ],
  [
   0.69,
   0.66,
   0.65,
   0.63,
   0.74,
   0.65,
   0.67,
   0.6,
   0.36,
   0.55,
   0.55
  ],
  [
   0.66,
   0.69,
   0.63,
   0.64,
   0.64,
   0.73,
   0.6,
   0.67,
   0.3,
   0.55,
   0.55
  ],
  [
   0.34,
   0.27,
   0.27,
   0.25,
   0.46,
   0.31,
   0.36,
   0.3,
   0.3,
   0.31,
   0.31
  ],
  [
   0.55,
   0.56,
   0.55,
   0.55,
   0.58,
   0.58,
   0.55,
   0.55,
   0.31,
   0.42,
   0.52
  ],
  [
   0.55,
   0.56,
   0.55,
   0.55,
   0.58,
   0.58,
   0.55,
   0.55,
   0.31,
   0.52,
   0.42
  ]
 ],
 "chain_pair_pae_min": [
  [
   0.76,
   1.88,
   1.83,
   2.54,
   2.0,
   2.42,
   1.73,
   2.49,
   11.66,
   5.12,
   5.79
  ],
  [
   1.85,
   0.76,
   2.46,
   2.12,
   2.52,
   2.14,
   2.52,
   1.8,
   13.17,
   5.71,
   5.44
  ],
  [
   1.72,
   2.08,
   0.76,
   1.95,
   2.81,
   3.43,
   2.1,
   2.6,
   11.99,
   5.61,
   6.59
  ],
  [
   2.08,
   1.72,
   1.93,
   0.76,
   3.53,
   2.87,
   2.63,
   2.11,
   13.97,
   6.77,
   5.84
  ],
  [
   1.86,
   2.56,
   2.59,
   2.87,
   0.76,
   1.43,
   1.62,
   2.63,
   6.06,
   5.39,
   5.15
  ],
  [
   2.54,
   1.99,
   2.91,
   2.6,
   1.44,
   0.76,
   2.62,
   1.71,
   10.98,
   5.16,
   5.26
  ],
  [
   1.8,
   2.48,
   2.31,
   2.31,
   1.75,
   2.4,
   0.76,
   2.42,
   11.65,
   5.96,
   5.79
  ],
  [
   2.5,
   1.84,
   2.3,
   2.45,
   2.4,
   1.83,
   2.43,
   0.76,
   12.64,
   5.5,
   5.95
  ],
  [
   11.36,
   16.99,
   16.21,
   19.14,
   4.39,
   14.6,
   10.54,
   16.46,
   0.76,
   14.04,
   14.16
  ],
  [
   3.76,
   4.12,
   5.04,
   4.14,
   4.51,
   4.69,
   6.7,
   5.99,
   14.21,
   0.79,
   1.45
  ],
  [
   4.49,
   3.67,
   4.25,
   4.57,
   5.08,
   4.86,
   5.5,
   7.04,
   14.22,
   1.45,
   0.79
  ]
 ],
 "chain_ptm": [
  0.72,
  0.73,
  0.65,
  0.65,
  0.65,
  0.64,
  0.67,
  0.67,
  0.3,
  0.42,
  0.42
 ],
 "fraction_disordered": 0.25,
 "has_clash": 0.0,
 "iptm": 0.64,
 "num_recycles": 10.0,
 "ptm": 0.66,
 "ranking_score": 0.77
}