{
 "chain_iptm": [
  0.64,
  0.63,
  0.6,
  0.6,
  0.64,
  0.62,
  0.63,
  0.61,
  0.35,
  0.54,
  0.54
 ],
 "chain_pair_iptm": [
  [
   0.73,
   0.66,
   0.76,
   0.65,
   0.72,
   0.68,
   0.7,
   0.67,
   0.4,
   0.57,
   0.56
  ],
  [
   0.66,
   0.73,
   0.66,
   0.75,
   0.68,
   0.72,
   0.67,
   0.7,
   0.31,
   0.57,
   0.57
  ],
  [
   0.76,
   0.66,
   0.66,
   0.63,
   0.64,
   0.61,
   0.67,
   0.64,
   0.32,
   0.56,
   0.56
  ],
  [
   0.65,
   0.75,
   0.63,
   0.66,
   0.61,
   0.63,
   0.64,
   0.66,
   0.28,
   0.56,
   0.56
  ],
  [
   0.72,
   0.68,
   0.64,
   0.61,
   0.65,
   0.64,
   0.75,
   0.66,
   0.49,
   0.59,
   0.59
  ],
  [
   0.68,
   0.72,
   0.61,
   0.63,
   0.64,
   0.64,
   0.66,
   0.74,
   0.33,
   0.59,
   0.59
  ],
  [
   0.7,
   0.67,
   0.67,
   0.64,
   0.75,
   0.66,
   0.68,
   0.62,
   0.42,
   0.56,
   0.56
  ],
  [
   0.67,
   0.7,
   0.64,
   0.66,
   0.66,
   0.74,
   0.62,
   0.68,
   0.33,
   0.56,
   0.56
  ],
  [
   0.4,
   0.31,
   0.32,
   0.28,
   0.49,
   0.33,
   0.42,
   0.33,
   0.3,
   0.33,
   0.33
  ],
  [
   0.57,
   0.57,
   0.56,
   0.56,
   0.59,
   0.59,
   0.56,
   0.56,
   0.33,
   0.43,
   0.53
  ],
  [
   0.56,
   0.57,
   0.56,
   0.56,
   0.59,
   0.59,
   0.56,
   0.56,
   0.33,
   0.53,
   0.43
  ]
 ],
 "chain_pair_pae_min": [
  [
   0.76,
   1.83,
   1.82,
   2.36,
   1.96,
   2.28,
   1.67,
   2.43,
   11.13,
   4.93,
   5.49
  ],
  [
   1.81,
   0.76,
   2.39,
   1.93,
   2.34,
   2.06,
   2.46,
   1.71,
   13.03,
   5.61,
   5.08
  ],
  [
   1.69,
   2.02,
   0.76,
   1.85,
   2.6,
   3.09,
   1.91,
   2.29,
   11.45,
   5.23,
   6.03
  ],
  [
   2.04,
   1.68,
   1.85,
   0.76,
   3.27,
   2.68,
   2.34,
   1.94,
   13.98,
   6.39,
   5.71
  ],
  [
   1.75,
   2.5,
   2.36,
   2.67,
   0.76,
   1.38,
   1.53,
   2.52,
   6.22,
   5.1,
   5.04
  ],
  [
   2.49,
   1.86,
   2.71,
   2.48,
   1.37,
   0.76,
   2.55,
   1.61,
   10.64,
   5.07,
   4.95
  ],
  [
   1.72,
   2.38,
   2.16,
   2.06,
   1.64,
   2.28,
   0.76,
   2.33,
   10.64,
   5.74,
   5.63
  ],
  [
   2.43,
   1.75,
   2.1,
   2.29,
   2.28,
   1.71,
   2.31,
   0.76,
   11.85,
   5.59,
   5.52
  ],
  [
   10.36,
   16.56,
   14.9,
   16.95,
   5.48,
   13.3,
   9.53,
   15.75,
   0.76,
   14.17,
   14.35
  ],
  [
   3.2,
   3.96,
   3.96,
   3.55,
   4.75,
   4.63,
   6.43,
   4.97,
   15.42,
   0.79,
   1.46
  ],
  [
   4.04,
   3.42,
   3.49,
   4.04,
   4.83,
   5.23,
   4.88,
   6.46,
   15.05,
   1.45,
   0.79
  ]
 ],
 "chain_ptm": [
  0.73,
  0.73,
  0.66,
  0.66,
  0.65,
  0.64,
  0.68,
  0.68,
  0.3,
  0.43,
  0.43
 ],
 "fraction_disordered": 0.22,
 "has_clash": 0.0,
 "iptm": 0.63,
 "num_recycles": 10.0,
 "ptm": 0.64,
 "ranking_score": 0.74
}