{
 "chain_iptm": [
  0.63,
  0.62,
  0.6,
  0.6,
  0.63,
  0.61,
  0.62,
  0.61,
  0.21,
  0.54,
  0.54
 ],
 "chain_pair_iptm": [
  [
   0.74,
   0.67,
   0.77,
   0.67,
   0.73,
   0.69,
   0.71,
   0.68,
   0.23,
   0.57,
   0.57
  ],
  [
   0.67,
   0.74,
   0.67,
   0.76,
   0.69,
   0.73,
   0.69,
   0.71,
   0.17,
   0.58,
   0.58
  ],
  [
   0.77,
   0.67,
   0.66,
   0.64,
   0.64,
   0.63,
   0.68,
   0.65,
   0.18,
   0.58,
   0.58
  ],
  [
   0.67,
   0.76,
   0.64,
   0.66,
   0.62,
   0.64,
   0.65,
   0.67,
   0.16,
   0.57,
   0.57
  ],
  [
   0.73,
   0.69,
   0.64,
   0.62,
   0.65,
   0.65,
   0.75,
   0.67,
   0.33,
   0.6,
   0.6
  ],
  [
   0.69,
   0.73,
   0.63,
   0.64,
   0.65,
   0.65,
   0.67,
   0.74,
   0.19,
   0.6,
   0.6
  ],
  [
   0.71,
   0.69,
   0.68,
   0.65,
   0.75,
   0.67,
   0.69,
   0.62,
   0.23,
   0.58,
   0.58
  ],
  [
   0.68,
   0.71,
   0.65,
   0.67,
   0.67,
   0.74,
   0.62,
   0.69,
   0.18,
   0.57,
   0.57
  ],
  [
   0.23,
   0.17,
   0.18,
   0.16,
   0.33,
   0.19,
   0.23,
   0.18,
   0.31,
   0.2,
   0.2
  ],
  [
   0.57,
   0.58,
   0.58,
   0.57,
   0.6,
   0.6,
   0.58,
   0.57,
   0.2,
   0.43,
   0.53
  ],
  [
   0.57,
   0.58,
   0.58,
   0.57,
   0.6,
   0.6,
   0.58,
   0.57,
   0.2,
   0.53,
   0.43
  ]
 ],
 "chain_pair_pae_min": [
  [
   0.76,
   1.7,
   1.43,
   2.15,
   1.89,
   2.28,
   1.57,
   2.28,
   14.64,
   4.67,
   5.45
  ],
  [
   1.73,
   0.76,
   2.14,
   1.65,
   2.32,
   1.94,
   2.35,
   1.6,
   16.95,
   5.14,
   4.64
  ],
  [
   1.55,
   1.8,
   0.76,
   1.77,
   2.47,
   2.95,
   1.84,
   2.09,
   16.08,
   4.7,
   5.31
  ],
  [
   1.83,
   1.54,
   1.74,
   0.76,
   2.99,
   2.48,
   2.1,
   1.75,
   17.51,
   5.77,
   5.04
  ],
  [
   1.79,
   2.27,
   2.2,
   2.53,
   0.76,
   1.36,
   1.45,
   2.38,
   11.22,
   4.46,
   4.67
  ],
  [
   2.3,
   1.76,
   2.53,
   2.17,
   1.33,
   0.76,
   2.38,
   1.51,
   14.94,
   4.71,
   4.68
  ],
  [
   1.62,
   2.24,
   1.87,
   1.88,
   1.42,
   2.15,
   0.76,
   2.23,
   15.14,
   4.81,
   5.13
  ],
  [
   2.28,
   1.63,
   1.86,
   1.92,
   2.13,
   1.63,
   2.24,
   0.76,
   16.66,
   4.74,
   5.03
  ],
  [
   16.73,
   21.54,
   20.23,
   23.33,
   8.87,
   19.2,
   15.68,
   22.36,
   0.76,
   16.52,
   17.11
  ],
  [
   3.18,
   4.01,
   4.02,
   3.48,
   4.79,
   4.85,
   6.39,
   5.59,
   18.13,
   0.79,
   1.44
  ],
  [
   3.97,
   3.39,
   3.42,
   3.93,
   5.07,
   5.05,
   5.21,
   6.37,
   17.83,
   1.46,
   0.79
  ]
 ],
 "chain_ptm": [
  0.74,
  0.74,
  0.66,
  0.66,
  0.65,
  0.65,
  0.69,
  0.69,
  0.31,
  0.43,
  0.43
 ],
 "fraction_disordered": 0.28,
 "has_clash": 0.0,
 "iptm": 0.65,
 "num_recycles": 10.0,
 "ptm": 0.66,
 "ranking_score": 0.79
}