{
 "chain_iptm": [
  0.62,
  0.62,
  0.6,
  0.59,
  0.61,
  0.61,
  0.61,
  0.6,
  0.16,
  0.53,
  0.53
 ],
 "chain_pair_iptm": [
  [
   0.73,
   0.66,
   0.77,
   0.67,
   0.73,
   0.69,
   0.71,
   0.68,
   0.17,
   0.57,
   0.57
  ],
  [
   0.66,
   0.73,
   0.67,
   0.76,
   0.69,
   0.73,
   0.69,
   0.71,
   0.16,
   0.58,
   0.58
  ],
  [
   0.77,
   0.67,
   0.66,
   0.64,
   0.64,
   0.62,
   0.67,
   0.65,
   0.16,
   0.58,
   0.58
  ],
  [
   0.67,
   0.76,
   0.64,
   0.66,
   0.62,
   0.64,
   0.65,
   0.66,
   0.15,
   0.57,
   0.57
  ],
  [
   0.73,
   0.69,
   0.64,
   0.62,
   0.64,
   0.64,
   0.75,
   0.66,
   0.19,
   0.6,
   0.6
  ],
  [
   0.69,
   0.73,
   0.62,
   0.64,
   0.64,
   0.64,
   0.66,
   0.74,
   0.17,
   0.6,
   0.6
  ],
  [
   0.71,
   0.69,
   0.67,
   0.65,
   0.75,
   0.66,
   0.68,
   0.62,
   0.16,
   0.58,
   0.57
  ],
  [
   0.68,
   0.71,
   0.65,
   0.66,
   0.66,
   0.74,
   0.62,
   0.68,
   0.16,
   0.58,
   0.58
  ],
  [
   0.17,
   0.16,
   0.16,
   0.15,
   0.19,
   0.17,
   0.16,
   0.16,
   0.32,
   0.15,
   0.15
  ],
  [
   0.57,
   0.58,
   0.58,
   0.57,
   0.6,
   0.6,
   0.58,
   0.58,
   0.15,
   0.43,
   0.53
  ],
  [
   0.57,
   0.58,
   0.58,
   0.57,
   0.6,
   0.6,
   0.57,
   0.58,
   0.15,
   0.53,
   0.43
  ]
 ],
 "chain_pair_pae_min": [
  [
   0.76,
   1.75,
   1.48,
   2.18,
   1.9,
   2.18,
   1.62,
   2.31,
   15.05,
   4.39,
   5.34
  ],
  [
   1.75,
   0.76,
   2.17,
   1.71,
   2.29,
   1.95,
   2.38,
   1.63,
   16.37,
   5.26,
   4.64
  ],
  [
   1.56,
   1.88,
   0.76,
   1.8,
   2.47,
   2.9,
   1.88,
   2.14,
   15.22,
   4.8,
   5.41
  ],
  [
   1.89,
   1.54,
   1.77,
   0.76,
   3.0,
   2.47,
   2.19,
   1.78,
   15.48,
   5.69,
   5.19
  ],
  [
   1.8,
   2.24,
   2.19,
   2.53,
   0.76,
   1.36,
   1.48,
   2.38,
   14.88,
   4.59,
   4.65
  ],
  [
   2.33,
   1.77,
   2.54,
   2.22,
   1.32,
   0.76,
   2.42,
   1.52,
   15.14,
   4.67,
   4.48
  ],
  [
   1.72,
   2.24,
   1.92,
   1.97,
   1.46,
   2.15,
   0.76,
   2.29,
   14.99,
   4.85,
   5.0
  ],
  [
   2.29,
   1.66,
   2.0,
   1.96,
   2.19,
   1.61,
   2.26,
   0.76,
   14.73,
   4.86,
   4.86
  ],
  [
   14.71,
   23.52,
   18.05,
   26.82,
   15.25,
   15.85,
   17.93,
   21.21,
   0.76,
   15.95,
   17.2
  ],
  [
   3.12,
   3.78,
   3.84,
   3.59,
   4.64,
   4.67,
   6.16,
   4.95,
   14.32,
   0.79,
   1.45
  ],
  [
   3.91,
   3.27,
   3.38,
   3.74,
   4.99,
   4.96,
   5.24,
   6.14,
   14.74,
   1.48,
   0.79
  ]
 ],
 "chain_ptm": [
  0.73,
  0.73,
  0.66,
  0.66,
  0.64,
  0.64,
  0.68,
  0.68,
  0.32,
  0.43,
  0.43
 ],
 "fraction_disordered": 0.25,
 "has_clash": 0.0,
 "iptm": 0.64,
 "num_recycles": 10.0,
 "ptm": 0.65,
 "ranking_score": 0.76
}