{
 "chain_iptm": [
  0.66,
  0.64,
  0.63,
  0.61,
  0.64,
  0.63,
  0.64,
  0.63,
  0.39,
  0.56,
  0.56
 ],
 "chain_pair_iptm": [
  [
   0.73,
   0.66,
   0.77,
   0.67,
   0.73,
   0.69,
   0.71,
   0.68,
   0.51,
   0.58,
   0.58
  ],
  [
   0.66,
   0.73,
   0.67,
   0.77,
   0.69,
   0.73,
   0.69,
   0.71,
   0.33,
   0.59,
   0.58
  ],
  [
   0.77,
   0.67,
   0.66,
   0.64,
   0.64,
   0.62,
   0.68,
   0.65,
   0.46,
   0.59,
   0.59
  ],
  [
   0.67,
   0.77,
   0.64,
   0.66,
   0.62,
   0.64,
   0.65,
   0.67,
   0.3,
   0.59,
   0.58
  ],
  [
   0.73,
   0.69,
   0.64,
   0.62,
   0.66,
   0.65,
   0.75,
   0.67,
   0.42,
   0.61,
   0.61
  ],
  [
   0.69,
   0.73,
   0.62,
   0.64,
   0.65,
   0.65,
   0.67,
   0.75,
   0.36,
   0.61,
   0.61
  ],
  [
   0.71,
   0.69,
   0.68,
   0.65,
   0.75,
   0.67,
   0.69,
   0.62,
   0.42,
   0.58,
   0.58
  ],
  [
   0.68,
   0.71,
   0.65,
   0.67,
   0.67,
   0.75,
   0.62,
   0.68,
   0.39,
   0.58,
   0.58
  ],
  [
   0.51,
   0.33,
   0.46,
   0.3,
   0.42,
   0.36,
   0.42,
   0.39,
   0.33,
   0.34,
   0.34
  ],
  [
   0.58,
   0.59,
   0.59,
   0.59,
   0.61,
   0.61,
   0.58,
   0.58,
   0.34,
   0.42,
   0.53
  ],
  [
   0.58,
   0.58,
   0.59,
   0.58,
   0.61,
   0.61,
   0.58,
   0.58,
   0.34,
   0.53,
   0.42
  ]
 ],
 "chain_pair_pae_min": [
  [
   0.76,
   1.71,
   1.42,
   2.15,
   1.74,
   2.21,
   1.5,
   2.32,
   5.25,
   4.37,
   5.14
  ],
  [
   1.77,
   0.76,
   2.1,
   1.62,
   2.26,
   1.77,
   2.31,
   1.56,
   7.23,
   5.19,
   4.53
  ],
  [
   1.53,
   1.84,
   0.76,
   1.78,
   2.37,
   2.91,
   1.6,
   1.99,
   6.03,
   4.63,
   5.27
  ],
  [
   1.83,
   1.52,
   1.76,
   0.76,
   2.92,
   2.38,
   2.03,
   1.67,
   7.75,
   5.49,
   4.95
  ],
  [
   1.62,
   2.28,
   2.09,
   2.5,
   0.76,
   1.35,
   1.42,
   2.37,
   6.35,
   4.75,
   4.66
  ],
  [
   2.31,
   1.72,
   2.51,
   2.13,
   1.36,
   0.76,
   2.33,
   1.48,
   6.31,
   4.73,
   4.56
  ],
  [
   1.59,
   2.21,
   1.81,
   1.85,
   1.4,
   2.15,
   0.76,
   2.26,
   6.83,
   4.77,
   4.86
  ],
  [
   2.28,
   1.63,
   1.85,
   1.86,
   2.16,
   1.55,
   2.27,
   0.76,
   6.62,
   4.76,
   4.81
  ],
  [
   6.43,
   13.15,
   8.38,
   14.14,
   5.45,
   6.79,
   8.14,
   11.02,
   0.76,
   14.28,
   14.53
  ],
  [
   3.01,
   3.64,
   3.76,
   3.29,
   4.5,
   4.61,
   6.05,
   4.81,
   9.23,
   0.79,
   1.47
  ],
  [
   3.65,
   3.2,
   3.15,
   3.65,
   4.77,
   4.69,
   5.08,
   6.07,
   9.08,
   1.49,
   0.79
  ]
 ],
 "chain_ptm": [
  0.73,
  0.73,
  0.66,
  0.66,
  0.66,
  0.65,
  0.69,
  0.68,
  0.33,
  0.42,
  0.42
 ],
 "fraction_disordered": 0.27,
 "has_clash": 0.0,
 "iptm": 0.66,
 "num_recycles": 10.0,
 "ptm": 0.67,
 "ranking_score": 0.8
}