{
 "chain_iptm": [
  0.66,
  0.64,
  0.63,
  0.61,
  0.64,
  0.63,
  0.63,
  0.63,
  0.39,
  0.55,
  0.55
 ],
 "chain_pair_iptm": [
  [
   0.73,
   0.66,
   0.77,
   0.66,
   0.73,
   0.68,
   0.71,
   0.68,
   0.51,
   0.57,
   0.57
  ],
  [
   0.66,
   0.73,
   0.67,
   0.76,
   0.68,
   0.73,
   0.68,
   0.71,
   0.34,
   0.58,
   0.58
  ],
  [
   0.77,
   0.67,
   0.66,
   0.64,
   0.64,
   0.62,
   0.68,
   0.65,
   0.46,
   0.58,
   0.58
  ],
  [
   0.66,
   0.76,
   0.64,
   0.66,
   0.62,
   0.64,
   0.65,
   0.67,
   0.3,
   0.58,
   0.58
  ],
  [
   0.73,
   0.68,
   0.64,
   0.62,
   0.65,
   0.64,
   0.75,
   0.67,
   0.41,
   0.6,
   0.6
  ],
  [
   0.68,
   0.73,
   0.62,
   0.64,
   0.64,
   0.64,
   0.67,
   0.75,
   0.37,
   0.61,
   0.61
  ],
  [
   0.71,
   0.68,
   0.68,
   0.65,
   0.75,
   0.67,
   0.69,
   0.62,
   0.42,
   0.58,
   0.58
  ],
  [
   0.68,
   0.71,
   0.65,
   0.67,
   0.67,
   0.75,
   0.62,
   0.68,
   0.4,
   0.58,
   0.58
  ],
  [
   0.51,
   0.34,
   0.46,
   0.3,
   0.41,
   0.37,
   0.42,
   0.4,
   0.33,
   0.33,
   0.33
  ],
  [
   0.57,
   0.58,
   0.58,
   0.58,
   0.6,
   0.61,
   0.58,
   0.58,
   0.33,
   0.43,
   0.53
  ],
  [
   0.57,
   0.58,
   0.58,
   0.58,
   0.6,
   0.61,
   0.58,
   0.58,
   0.33,
   0.53,
   0.42
  ]
 ],
 "chain_pair_pae_min": [
  [
   0.76,
   1.78,
   1.51,
   2.21,
   1.8,
   2.25,
   1.56,
   2.35,
   4.95,
   4.41,
   5.24
  ],
  [
   1.79,
   0.76,
   2.16,
   1.74,
   2.32,
   1.81,
   2.38,
   1.61,
   7.07,
   5.43,
   4.66
  ],
  [
   1.55,
   1.87,
   0.76,
   1.79,
   2.4,
   3.0,
   1.66,
   2.11,
   6.0,
   4.71,
   5.46
  ],
  [
   1.89,
   1.56,
   1.78,
   0.76,
   3.04,
   2.43,
   2.14,
   1.7,
   7.54,
   5.78,
   5.11
  ],
  [
   1.66,
   2.34,
   2.15,
   2.56,
   0.76,
   1.38,
   1.43,
   2.44,
   6.09,
   4.82,
   4.89
  ],
  [
   2.38,
   1.74,
   2.54,
   2.16,
   1.37,
   0.76,
   2.37,
   1.49,
   6.31,
   4.8,
   4.7
  ],
  [
   1.63,
   2.23,
   1.86,
   1.88,
   1.41,
   2.16,
   0.76,
   2.29,
   6.59,
   4.96,
   5.12
  ],
  [
   2.32,
   1.65,
   1.9,
   1.95,
   2.16,
   1.58,
   2.3,
   0.76,
   6.54,
   4.82,
   5.07
  ],
  [
   6.34,
   13.3,
   8.35,
   13.75,
   5.28,
   6.76,
   8.46,
   10.55,
   0.76,
   14.01,
   14.19
  ],
  [
   3.14,
   3.94,
   3.88,
   3.39,
   4.56,
   4.71,
   6.17,
   4.83,
   9.24,
   0.79,
   1.46
  ],
  [
   3.9,
   3.37,
   3.4,
   3.96,
   4.95,
   5.05,
   4.86,
   6.18,
   9.16,
   1.48,
   0.79
  ]
 ],
 "chain_ptm": [
  0.73,
  0.73,
  0.66,
  0.66,
  0.65,
  0.64,
  0.69,
  0.68,
  0.33,
  0.43,
  0.42
 ],
 "fraction_disordered": 0.31,
 "has_clash": 0.0,
 "iptm": 0.66,
 "num_recycles": 10.0,
 "ptm": 0.67,
 "ranking_score": 0.81
}