{
 "chain_iptm": [
  0.66,
  0.64,
  0.63,
  0.61,
  0.64,
  0.63,
  0.63,
  0.63,
  0.39,
  0.55,
  0.55
 ],
 "chain_pair_iptm": [
  [
   0.74,
   0.66,
   0.77,
   0.67,
   0.73,
   0.69,
   0.72,
   0.68,
   0.52,
   0.58,
   0.58
  ],
  [
   0.66,
   0.73,
   0.67,
   0.76,
   0.69,
   0.73,
   0.69,
   0.71,
   0.35,
   0.58,
   0.58
  ],
  [
   0.77,
   0.67,
   0.66,
   0.64,
   0.64,
   0.62,
   0.67,
   0.65,
   0.46,
   0.58,
   0.58
  ],
  [
   0.67,
   0.76,
   0.64,
   0.66,
   0.62,
   0.64,
   0.64,
   0.66,
   0.31,
   0.58,
   0.58
  ],
  [
   0.73,
   0.69,
   0.64,
   0.62,
   0.65,
   0.64,
   0.74,
   0.66,
   0.42,
   0.6,
   0.6
  ],
  [
   0.69,
   0.73,
   0.62,
   0.64,
   0.64,
   0.65,
   0.66,
   0.74,
   0.38,
   0.61,
   0.61
  ],
  [
   0.72,
   0.69,
   0.67,
   0.64,
   0.74,
   0.66,
   0.68,
   0.62,
   0.42,
   0.58,
   0.58
  ],
  [
   0.68,
   0.71,
   0.65,
   0.66,
   0.66,
   0.74,
   0.62,
   0.67,
   0.41,
   0.58,
   0.58
  ],
  [
   0.52,
   0.35,
   0.46,
   0.31,
   0.42,
   0.38,
   0.42,
   0.41,
   0.32,
   0.34,
   0.34
  ],
  [
   0.58,
   0.58,
   0.58,
   0.58,
   0.6,
   0.61,
   0.58,
   0.58,
   0.34,
   0.43,
   0.53
  ],
  [
   0.58,
   0.58,
   0.58,
   0.58,
   0.6,
   0.61,
   0.58,
   0.58,
   0.34,
   0.53,
   0.43
  ]
 ],
 "chain_pair_pae_min": [
  [
   0.76,
   1.74,
   1.47,
   2.17,
   1.77,
   2.23,
   1.54,
   2.33,
   5.16,
   4.51,
   5.24
  ],
  [
   1.77,
   0.76,
   2.14,
   1.68,
   2.29,
   1.86,
   2.32,
   1.6,
   7.07,
   5.19,
   4.51
  ],
  [
   1.55,
   1.88,
   0.76,
   1.77,
   2.36,
   2.97,
   1.65,
   2.1,
   5.97,
   4.62,
   5.34
  ],
  [
   1.88,
   1.56,
   1.76,
   0.76,
   3.05,
   2.4,
   2.17,
   1.72,
   7.59,
   5.61,
   4.91
  ],
  [
   1.66,
   2.36,
   2.13,
   2.54,
   0.76,
   1.39,
   1.45,
   2.43,
   5.78,
   4.87,
   4.78
  ],
  [
   2.34,
   1.73,
   2.51,
   2.16,
   1.37,
   0.76,
   2.38,
   1.49,
   6.17,
   4.79,
   4.73
  ],
  [
   1.6,
   2.22,
   1.84,
   1.93,
   1.41,
   2.18,
   0.76,
   2.27,
   6.52,
   5.04,
   4.87
  ],
  [
   2.31,
   1.63,
   1.92,
   1.92,
   2.19,
   1.57,
   2.27,
   0.76,
   6.53,
   4.7,
   5.2
  ],
  [
   6.23,
   12.91,
   8.42,
   13.76,
   5.76,
   6.94,
   8.03,
   10.54,
   0.76,
   14.38,
   14.26
  ],
  [
   3.15,
   3.68,
   3.93,
   3.42,
   4.54,
   4.69,
   5.96,
   5.1,
   9.06,
   0.79,
   1.45
  ],
  [
   3.96,
   3.27,
   3.32,
   3.92,
   4.88,
   4.98,
   4.96,
   5.92,
   9.42,
   1.49,
   0.79
  ]
 ],
 "chain_ptm": [
  0.74,
  0.73,
  0.66,
  0.66,
  0.65,
  0.65,
  0.68,
  0.67,
  0.32,
  0.43,
  0.43
 ],
 "fraction_disordered": 0.25,
 "has_clash": 0.0,
 "iptm": 0.66,
 "num_recycles": 10.0,
 "ptm": 0.67,
 "ranking_score": 0.78
}