{
 "chain_iptm": [
  0.67,
  0.67,
  0.64,
  0.64,
  0.67,
  0.65,
  0.65,
  0.64,
  0.31,
  0.61,
  0.61
 ],
 "chain_pair_iptm": [
  [
   0.74,
   0.68,
   0.8,
   0.7,
   0.76,
   0.72,
   0.74,
   0.72,
   0.34,
   0.64,
   0.64
  ],
  [
   0.68,
   0.74,
   0.71,
   0.79,
   0.72,
   0.76,
   0.71,
   0.74,
   0.28,
   0.65,
   0.65
  ],
  [
   0.8,
   0.71,
   0.67,
   0.66,
   0.67,
   0.65,
   0.68,
   0.67,
   0.28,
   0.65,
   0.65
  ],
  [
   0.7,
   0.79,
   0.66,
   0.67,
   0.65,
   0.67,
   0.67,
   0.68,
   0.25,
   0.65,
   0.65
  ],
  [
   0.76,
   0.72,
   0.67,
   0.65,
   0.67,
   0.67,
   0.75,
   0.67,
   0.43,
   0.67,
   0.67
  ],
  [
   0.72,
   0.76,
   0.65,
   0.67,
   0.67,
   0.65,
   0.68,
   0.74,
   0.29,
   0.67,
   0.67
  ],
  [
   0.74,
   0.71,
   0.68,
   0.67,
   0.75,
   0.68,
   0.67,
   0.63,
   0.33,
   0.64,
   0.64
  ],
  [
   0.72,
   0.74,
   0.67,
   0.68,
   0.67,
   0.74,
   0.63,
   0.67,
   0.28,
   0.64,
   0.64
  ],
  [
   0.34,
   0.28,
   0.28,
   0.25,
   0.43,
   0.29,
   0.33,
   0.28,
   0.5,
   0.29,
   0.29
  ],
  [
   0.64,
   0.65,
   0.65,
   0.65,
   0.67,
   0.67,
   0.64,
   0.64,
   0.29,
   0.46,
   0.55
  ],
  [
   0.64,
   0.65,
   0.65,
   0.65,
   0.67,
   0.67,
   0.64,
   0.64,
   0.29,
   0.55,
   0.45
  ]
 ],
 "chain_pair_pae_min": [
  [
   0.76,
   1.54,
   1.15,
   1.72,
   1.29,
   1.8,
   1.2,
   1.96,
   10.89,
   3.07,
   3.65
  ],
  [
   1.56,
   0.76,
   1.74,
   1.18,
   1.86,
   1.36,
   1.96,
   1.25,
   12.73,
   3.61,
   3.02
  ],
  [
   1.2,
   1.58,
   0.76,
   1.64,
   1.75,
   2.3,
   1.11,
   1.51,
   11.15,
   3.32,
   3.71
  ],
  [
   1.59,
   1.24,
   1.65,
   0.76,
   2.28,
   1.87,
   1.53,
   1.13,
   12.74,
   3.63,
   3.37
  ],
  [
   1.25,
   1.82,
   1.65,
   2.0,
   0.76,
   1.17,
   1.06,
   1.98,
   7.51,
   3.34,
   3.68
  ],
  [
   1.76,
   1.31,
   2.07,
   1.69,
   1.17,
   0.76,
   1.94,
   1.09,
   11.13,
   3.48,
   3.52
  ],
  [
   1.21,
   1.81,
   1.3,
   1.4,
   1.08,
   1.77,
   0.76,
   2.09,
   9.92,
   3.43,
   3.79
  ],
  [
   1.82,
   1.25,
   1.39,
   1.32,
   1.79,
   1.14,
   2.09,
   0.76,
   11.82,
   3.71,
   3.7
  ],
  [
   10.34,
   14.62,
   12.89,
   15.03,
   5.51,
   12.02,
   10.79,
   14.42,
   0.76,
   12.51,
   13.2
  ],
  [
   2.28,
   2.47,
   2.95,
   2.49,
   3.07,
   3.68,
   4.93,
   3.52,
   13.03,
   0.79,
   1.42
  ],
  [
   2.66,
   2.39,
   2.39,
   2.92,
   3.55,
   3.5,
   3.41,
   4.37,
   13.35,
   1.44,
   0.79
  ]
 ],
 "chain_ptm": [
  0.74,
  0.74,
  0.67,
  0.67,
  0.67,
  0.65,
  0.67,
  0.67,
  0.5,
  0.46,
  0.45
 ],
 "fraction_disordered": 0.37,
 "has_clash": 0.0,
 "iptm": 0.75,
 "num_recycles": 10.0,
 "ptm": 0.76,
 "ranking_score": 0.94
}