{
 "chain_iptm": [
  0.68,
  0.66,
  0.66,
  0.64,
  0.66,
  0.66,
  0.65,
  0.65,
  0.44,
  0.6,
  0.6
 ],
 "chain_pair_iptm": [
  [
   0.73,
   0.66,
   0.79,
   0.69,
   0.74,
   0.71,
   0.72,
   0.7,
   0.59,
   0.62,
   0.62
  ],
  [
   0.66,
   0.72,
   0.69,
   0.78,
   0.7,
   0.75,
   0.7,
   0.72,
   0.39,
   0.63,
   0.62
  ],
  [
   0.79,
   0.69,
   0.66,
   0.65,
   0.66,
   0.65,
   0.69,
   0.68,
   0.54,
   0.62,
   0.62
  ],
  [
   0.69,
   0.78,
   0.65,
   0.66,
   0.64,
   0.67,
   0.68,
   0.69,
   0.36,
   0.63,
   0.63
  ],
  [
   0.74,
   0.7,
   0.66,
   0.64,
   0.66,
   0.66,
   0.76,
   0.68,
   0.46,
   0.64,
   0.64
  ],
  [
   0.71,
   0.75,
   0.65,
   0.67,
   0.66,
   0.64,
   0.69,
   0.76,
   0.42,
   0.65,
   0.65
  ],
  [
   0.72,
   0.7,
   0.69,
   0.68,
   0.76,
   0.69,
   0.68,
   0.64,
   0.44,
   0.62,
   0.62
  ],
  [
   0.7,
   0.72,
   0.68,
   0.69,
   0.68,
   0.76,
   0.64,
   0.68,
   0.44,
   0.62,
   0.62
  ],
  [
   0.59,
   0.39,
   0.54,
   0.36,
   0.46,
   0.42,
   0.44,
   0.44,
   0.54,
   0.4,
   0.4
  ],
  [
   0.62,
   0.63,
   0.62,
   0.63,
   0.64,
   0.65,
   0.62,
   0.62,
   0.4,
   0.44,
   0.54
  ],
  [
   0.62,
   0.62,
   0.62,
   0.63,
   0.64,
   0.65,
   0.62,
   0.62,
   0.4,
   0.54,
   0.44
  ]
 ],
 "chain_pair_pae_min": [
  [
   0.76,
   1.57,
   1.19,
   1.79,
   1.4,
   1.91,
   1.27,
   2.05,
   2.92,
   3.43,
   3.81
  ],
  [
   1.6,
   0.76,
   1.78,
   1.21,
   1.98,
   1.41,
   2.05,
   1.3,
   4.88,
   3.84,
   3.4
  ],
  [
   1.26,
   1.6,
   0.76,
   1.69,
   1.81,
   2.32,
   1.16,
   1.58,
   3.36,
   3.56,
   4.0
  ],
  [
   1.63,
   1.28,
   1.69,
   0.76,
   2.35,
   1.92,
   1.6,
   1.18,
   4.87,
   4.07,
   3.6
  ],
  [
   1.35,
   1.95,
   1.74,
   2.06,
   0.76,
   1.24,
   1.12,
   2.08,
   3.82,
   3.45,
   4.0
  ],
  [
   1.9,
   1.38,
   2.1,
   1.76,
   1.23,
   0.76,
   2.06,
   1.12,
   4.01,
   3.78,
   3.83
  ],
  [
   1.27,
   1.86,
   1.35,
   1.44,
   1.16,
   1.84,
   0.76,
   2.18,
   4.25,
   3.63,
   4.13
  ],
  [
   1.89,
   1.27,
   1.44,
   1.36,
   1.84,
   1.21,
   2.18,
   0.76,
   4.28,
   4.05,
   3.99
  ],
  [
   3.68,
   9.58,
   4.39,
   9.86,
   4.91,
   5.03,
   6.26,
   7.73,
   0.76,
   9.96,
   10.18
  ],
  [
   2.37,
   2.72,
   3.03,
   2.51,
   3.07,
   3.53,
   4.9,
   3.51,
   6.71,
   0.79,
   1.44
  ],
  [
   2.73,
   2.44,
   2.37,
   2.94,
   3.62,
   3.53,
   3.54,
   4.69,
   6.65,
   1.47,
   0.79
  ]
 ],
 "chain_ptm": [
  0.73,
  0.72,
  0.66,
  0.66,
  0.66,
  0.64,
  0.68,
  0.68,
  0.54,
  0.44,
  0.44
 ],
 "fraction_disordered": 0.41,
 "has_clash": 0.0,
 "iptm": 0.77,
 "num_recycles": 10.0,
 "ptm": 0.77,
 "ranking_score": 0.97
}