{
 "chain_iptm": [
  0.68,
  0.66,
  0.66,
  0.64,
  0.66,
  0.66,
  0.66,
  0.66,
  0.44,
  0.6,
  0.6
 ],
 "chain_pair_iptm": [
  [
   0.73,
   0.66,
   0.79,
   0.69,
   0.74,
   0.7,
   0.72,
   0.7,
   0.59,
   0.62,
   0.62
  ],
  [
   0.66,
   0.72,
   0.69,
   0.78,
   0.7,
   0.75,
   0.7,
   0.72,
   0.38,
   0.63,
   0.63
  ],
  [
   0.79,
   0.69,
   0.67,
   0.65,
   0.66,
   0.64,
   0.7,
   0.68,
   0.54,
   0.63,
   0.63
  ],
  [
   0.69,
   0.78,
   0.65,
   0.66,
   0.64,
   0.66,
   0.68,
   0.69,
   0.36,
   0.64,
   0.63
  ],
  [
   0.74,
   0.7,
   0.66,
   0.64,
   0.65,
   0.66,
   0.76,
   0.68,
   0.46,
   0.65,
   0.65
  ],
  [
   0.7,
   0.75,
   0.64,
   0.66,
   0.66,
   0.64,
   0.69,
   0.76,
   0.41,
   0.65,
   0.65
  ],
  [
   0.72,
   0.7,
   0.7,
   0.68,
   0.76,
   0.69,
   0.68,
   0.63,
   0.43,
   0.63,
   0.63
  ],
  [
   0.7,
   0.72,
   0.68,
   0.69,
   0.68,
   0.76,
   0.63,
   0.68,
   0.44,
   0.63,
   0.63
  ],
  [
   0.59,
   0.38,
   0.54,
   0.36,
   0.46,
   0.41,
   0.43,
   0.44,
   0.54,
   0.39,
   0.39
  ],
  [
   0.62,
   0.63,
   0.63,
   0.64,
   0.65,
   0.65,
   0.63,
   0.63,
   0.39,
   0.44,
   0.55
  ],
  [
   0.62,
   0.63,
   0.63,
   0.63,
   0.65,
   0.65,
   0.63,
   0.63,
   0.39,
   0.55,
   0.44
  ]
 ],
 "chain_pair_pae_min": [
  [
   0.76,
   1.61,
   1.19,
   1.79,
   1.4,
   1.89,
   1.27,
   2.05,
   3.11,
   3.22,
   3.83
  ],
  [
   1.65,
   0.76,
   1.8,
   1.22,
   1.98,
   1.4,
   2.06,
   1.3,
   5.04,
   3.79,
   3.38
  ],
  [
   1.27,
   1.62,
   0.76,
   1.7,
   1.81,
   2.3,
   1.16,
   1.59,
   3.48,
   3.35,
   3.92
  ],
  [
   1.64,
   1.29,
   1.72,
   0.76,
   2.33,
   1.9,
   1.61,
   1.18,
   4.91,
   3.97,
   3.56
  ],
  [
   1.35,
   1.95,
   1.72,
   2.06,
   0.76,
   1.23,
   1.1,
   2.07,
   3.81,
   3.39,
   3.82
  ],
  [
   1.93,
   1.37,
   2.13,
   1.75,
   1.23,
   0.76,
   2.05,
   1.12,
   3.93,
   3.78,
   3.65
  ],
  [
   1.27,
   1.88,
   1.35,
   1.47,
   1.15,
   1.86,
   0.76,
   2.12,
   4.15,
   3.5,
   3.93
  ],
  [
   1.91,
   1.28,
   1.44,
   1.37,
   1.86,
   1.2,
   2.15,
   0.76,
   4.22,
   3.81,
   3.74
  ],
  [
   3.46,
   9.54,
   3.97,
   10.05,
   4.26,
   4.78,
   6.26,
   7.46,
   0.76,
   9.49,
   10.27
  ],
  [
   2.32,
   2.48,
   2.91,
   2.45,
   2.75,
   3.38,
   4.17,
   3.35,
   6.32,
   0.79,
   1.46
  ],
  [
   2.7,
   2.36,
   2.35,
   2.81,
   3.52,
   3.35,
   3.35,
   4.34,
   6.36,
   1.49,
   0.79
  ]
 ],
 "chain_ptm": [
  0.73,
  0.72,
  0.67,
  0.66,
  0.65,
  0.64,
  0.68,
  0.68,
  0.54,
  0.44,
  0.44
 ],
 "fraction_disordered": 0.41,
 "has_clash": 0.0,
 "iptm": 0.77,
 "num_recycles": 10.0,
 "ptm": 0.77,
 "ranking_score": 0.98
}