{
 "chain_iptm": [
  0.69,
  0.67,
  0.66,
  0.64,
  0.66,
  0.66,
  0.66,
  0.66,
  0.44,
  0.61,
  0.61
 ],
 "chain_pair_iptm": [
  [
   0.73,
   0.67,
   0.79,
   0.69,
   0.75,
   0.71,
   0.73,
   0.7,
   0.59,
   0.63,
   0.63
  ],
  [
   0.67,
   0.73,
   0.7,
   0.79,
   0.7,
   0.75,
   0.7,
   0.73,
   0.39,
   0.64,
   0.63
  ],
  [
   0.79,
   0.7,
   0.67,
   0.65,
   0.66,
   0.64,
   0.7,
   0.68,
   0.54,
   0.64,
   0.64
  ],
  [
   0.69,
   0.79,
   0.65,
   0.66,
   0.64,
   0.66,
   0.68,
   0.69,
   0.35,
   0.64,
   0.64
  ],
  [
   0.75,
   0.7,
   0.66,
   0.64,
   0.66,
   0.66,
   0.76,
   0.68,
   0.46,
   0.66,
   0.66
  ],
  [
   0.71,
   0.75,
   0.64,
   0.66,
   0.66,
   0.64,
   0.69,
   0.76,
   0.42,
   0.66,
   0.66
  ],
  [
   0.73,
   0.7,
   0.7,
   0.68,
   0.76,
   0.69,
   0.68,
   0.63,
   0.44,
   0.63,
   0.63
  ],
  [
   0.7,
   0.73,
   0.68,
   0.69,
   0.68,
   0.76,
   0.63,
   0.68,
   0.45,
   0.63,
   0.63
  ],
  [
   0.59,
   0.39,
   0.54,
   0.35,
   0.46,
   0.42,
   0.44,
   0.45,
   0.54,
   0.4,
   0.4
  ],
  [
   0.63,
   0.64,
   0.64,
   0.64,
   0.66,
   0.66,
   0.63,
   0.63,
   0.4,
   0.45,
   0.55
  ],
  [
   0.63,
   0.63,
   0.64,
   0.64,
   0.66,
   0.66,
   0.63,
   0.63,
   0.4,
   0.55,
   0.45
  ]
 ],
 "chain_pair_pae_min": [
  [
   0.76,
   1.56,
   1.16,
   1.76,
   1.37,
   1.85,
   1.25,
   1.99,
   2.91,
   3.1,
   3.73
  ],
  [
   1.59,
   0.76,
   1.77,
   1.19,
   1.93,
   1.38,
   2.0,
   1.28,
   4.86,
   3.67,
   3.13
  ],
  [
   1.24,
   1.59,
   0.76,
   1.68,
   1.77,
   2.27,
   1.14,
   1.52,
   3.45,
   3.26,
   3.63
  ],
  [
   1.61,
   1.25,
   1.69,
   0.76,
   2.3,
   1.85,
   1.54,
   1.15,
   4.94,
   3.85,
   3.47
  ],
  [
   1.32,
   1.91,
   1.7,
   2.03,
   0.76,
   1.2,
   1.09,
   2.01,
   3.81,
   3.28,
   3.68
  ],
  [
   1.86,
   1.36,
   2.09,
   1.72,
   1.2,
   0.76,
   2.0,
   1.12,
   3.88,
   3.52,
   3.54
  ],
  [
   1.24,
   1.84,
   1.32,
   1.41,
   1.13,
   1.83,
   0.76,
   2.08,
   4.08,
   3.42,
   3.8
  ],
  [
   1.87,
   1.26,
   1.4,
   1.34,
   1.83,
   1.18,
   2.1,
   0.76,
   4.23,
   3.69,
   3.71
  ],
  [
   3.53,
   9.35,
   4.07,
   9.95,
   4.38,
   4.7,
   6.12,
   7.41,
   0.76,
   9.9,
   10.21
  ],
  [
   2.27,
   2.52,
   2.9,
   2.46,
   2.81,
   3.36,
   4.18,
   3.42,
   6.21,
   0.79,
   1.44
  ],
  [
   2.62,
   2.34,
   2.34,
   2.8,
   3.37,
   3.21,
   3.42,
   4.51,
   6.09,
   1.45,
   0.79
  ]
 ],
 "chain_ptm": [
  0.73,
  0.73,
  0.67,
  0.66,
  0.66,
  0.64,
  0.68,
  0.68,
  0.54,
  0.45,
  0.45
 ],
 "fraction_disordered": 0.4,
 "has_clash": 0.0,
 "iptm": 0.77,
 "num_recycles": 10.0,
 "ptm": 0.77,
 "ranking_score": 0.97
}