{
 "chain_iptm": [
  0.69,
  0.67,
  0.66,
  0.64,
  0.66,
  0.66,
  0.66,
  0.66,
  0.44,
  0.6,
  0.6
 ],
 "chain_pair_iptm": [
  [
   0.73,
   0.66,
   0.79,
   0.69,
   0.75,
   0.7,
   0.73,
   0.7,
   0.59,
   0.62,
   0.62
  ],
  [
   0.66,
   0.73,
   0.69,
   0.79,
   0.7,
   0.75,
   0.7,
   0.73,
   0.38,
   0.63,
   0.63
  ],
  [
   0.79,
   0.69,
   0.67,
   0.65,
   0.66,
   0.64,
   0.69,
   0.68,
   0.54,
   0.63,
   0.63
  ],
  [
   0.69,
   0.79,
   0.65,
   0.66,
   0.64,
   0.66,
   0.68,
   0.69,
   0.37,
   0.63,
   0.63
  ],
  [
   0.75,
   0.7,
   0.66,
   0.64,
   0.66,
   0.66,
   0.76,
   0.68,
   0.47,
   0.65,
   0.65
  ],
  [
   0.7,
   0.75,
   0.64,
   0.66,
   0.66,
   0.64,
   0.69,
   0.76,
   0.42,
   0.65,
   0.65
  ],
  [
   0.73,
   0.7,
   0.69,
   0.68,
   0.76,
   0.69,
   0.68,
   0.64,
   0.44,
   0.62,
   0.62
  ],
  [
   0.7,
   0.73,
   0.68,
   0.69,
   0.68,
   0.76,
   0.64,
   0.68,
   0.44,
   0.63,
   0.62
  ],
  [
   0.59,
   0.38,
   0.54,
   0.37,
   0.47,
   0.42,
   0.44,
   0.44,
   0.55,
   0.4,
   0.4
  ],
  [
   0.62,
   0.63,
   0.63,
   0.63,
   0.65,
   0.65,
   0.62,
   0.63,
   0.4,
   0.44,
   0.55
  ],
  [
   0.62,
   0.63,
   0.63,
   0.63,
   0.65,
   0.65,
   0.62,
   0.62,
   0.4,
   0.55,
   0.44
  ]
 ],
 "chain_pair_pae_min": [
  [
   0.76,
   1.58,
   1.18,
   1.76,
   1.38,
   1.91,
   1.26,
   2.03,
   3.07,
   3.18,
   3.81
  ],
  [
   1.6,
   0.76,
   1.76,
   1.21,
   1.94,
   1.37,
   2.02,
   1.28,
   4.81,
   3.7,
   3.31
  ],
  [
   1.25,
   1.6,
   0.76,
   1.68,
   1.79,
   2.3,
   1.16,
   1.55,
   3.46,
   3.37,
   3.96
  ],
  [
   1.62,
   1.26,
   1.69,
   0.76,
   2.31,
   1.87,
   1.55,
   1.16,
   4.87,
   3.98,
   3.61
  ],
  [
   1.33,
   1.91,
   1.71,
   2.04,
   0.76,
   1.2,
   1.09,
   2.04,
   3.78,
   3.44,
   3.91
  ],
  [
   1.87,
   1.35,
   2.1,
   1.73,
   1.19,
   0.76,
   2.02,
   1.11,
   3.7,
   3.7,
   3.67
  ],
  [
   1.25,
   1.86,
   1.34,
   1.44,
   1.14,
   1.82,
   0.76,
   2.1,
   4.18,
   3.48,
   3.95
  ],
  [
   1.89,
   1.27,
   1.42,
   1.35,
   1.84,
   1.18,
   2.13,
   0.76,
   4.04,
   3.8,
   3.81
  ],
  [
   3.4,
   9.58,
   3.89,
   10.0,
   4.18,
   4.59,
   6.09,
   7.48,
   0.76,
   9.83,
   10.15
  ],
  [
   2.37,
   2.54,
   2.96,
   2.44,
   2.83,
   3.3,
   4.52,
   3.54,
   6.27,
   0.79,
   1.45
  ],
  [
   2.71,
   2.43,
   2.38,
   2.96,
   3.44,
   3.29,
   3.42,
   4.44,
   6.24,
   1.48,
   0.79
  ]
 ],
 "chain_ptm": [
  0.73,
  0.73,
  0.67,
  0.66,
  0.66,
  0.64,
  0.68,
  0.68,
  0.55,
  0.44,
  0.44
 ],
 "fraction_disordered": 0.4,
 "has_clash": 0.0,
 "iptm": 0.77,
 "num_recycles": 10.0,
 "ptm": 0.78,
 "ranking_score": 0.97
}