{
 "chain_iptm": [
  0.65,
  0.64,
  0.62,
  0.61,
  0.65,
  0.63,
  0.63,
  0.62,
  0.4,
  0.55,
  0.55
 ],
 "chain_pair_iptm": [
  [
   0.73,
   0.65,
   0.78,
   0.67,
   0.74,
   0.69,
   0.71,
   0.69,
   0.45,
   0.57,
   0.57
  ],
  [
   0.65,
   0.73,
   0.67,
   0.78,
   0.69,
   0.73,
   0.68,
   0.71,
   0.36,
   0.57,
   0.57
  ],
  [
   0.78,
   0.67,
   0.66,
   0.64,
   0.65,
   0.62,
   0.66,
   0.65,
   0.37,
   0.57,
   0.57
  ],
  [
   0.67,
   0.78,
   0.64,
   0.66,
   0.63,
   0.65,
   0.65,
   0.66,
   0.33,
   0.57,
   0.57
  ],
  [
   0.74,
   0.69,
   0.65,
   0.63,
   0.65,
   0.65,
   0.73,
   0.66,
   0.55,
   0.59,
   0.59
  ],
  [
   0.69,
   0.73,
   0.62,
   0.65,
   0.65,
   0.64,
   0.65,
   0.73,
   0.38,
   0.6,
   0.6
  ],
  [
   0.71,
   0.68,
   0.66,
   0.65,
   0.73,
   0.65,
   0.66,
   0.6,
   0.45,
   0.56,
   0.56
  ],
  [
   0.69,
   0.71,
   0.65,
   0.66,
   0.66,
   0.73,
   0.6,
   0.66,
   0.37,
   0.57,
   0.57
  ],
  [
   0.45,
   0.36,
   0.37,
   0.33,
   0.55,
   0.38,
   0.45,
   0.37,
   0.25,
   0.37,
   0.37
  ],
  [
   0.57,
   0.57,
   0.57,
   0.57,
   0.59,
   0.6,
   0.56,
   0.57,
   0.37,
   0.42,
   0.52
  ],
  [
   0.57,
   0.57,
   0.57,
   0.57,
   0.59,
   0.6,
   0.56,
   0.57,
   0.37,
   0.52,
   0.42
  ]
 ],
 "chain_pair_pae_min": [
  [
   0.76,
   1.7,
   1.24,
   1.98,
   1.54,
   2.05,
   1.44,
   2.2,
   10.37,
   5.13,
   4.48
  ],
  [
   1.75,
   0.76,
   1.94,
   1.29,
   2.09,
   1.66,
   2.27,
   1.53,
   12.04,
   4.5,
   5.14
  ],
  [
   1.44,
   1.78,
   0.76,
   1.79,
   2.13,
   2.63,
   1.42,
   1.99,
   11.21,
   5.43,
   4.32
  ],
  [
   1.8,
   1.48,
   1.82,
   0.76,
   2.75,
   2.18,
   1.99,
   1.52,
   12.89,
   4.44,
   5.43
  ],
  [
   1.49,
   2.21,
   1.97,
   2.41,
   0.76,
   1.31,
   1.28,
   2.26,
   7.1,
   4.94,
   4.77
  ],
  [
   2.19,
   1.62,
   2.42,
   2.06,
   1.29,
   0.76,
   2.3,
   1.29,
   10.38,
   4.55,
   4.86
  ],
  [
   1.46,
   2.14,
   1.57,
   1.77,
   1.31,
   2.08,
   0.76,
   2.3,
   10.09,
   5.12,
   5.07
  ],
  [
   2.11,
   1.54,
   1.79,
   1.62,
   2.07,
   1.33,
   2.31,
   0.76,
   11.36,
   4.74,
   5.06
  ],
  [
   8.87,
   13.16,
   13.05,
   16.17,
   5.24,
   11.93,
   8.76,
   14.32,
   0.76,
   14.39,
   14.22
  ],
  [
   3.66,
   3.1,
   3.45,
   4.12,
   4.57,
   4.21,
   5.7,
   6.67,
   12.34,
   0.79,
   1.49
  ],
  [
   3.09,
   3.87,
   3.97,
   3.74,
   4.44,
   4.7,
   6.53,
   4.72,
   12.45,
   1.46,
   0.79
  ]
 ],
 "chain_ptm": [
  0.73,
  0.73,
  0.66,
  0.66,
  0.65,
  0.64,
  0.66,
  0.66,
  0.25,
  0.42,
  0.42
 ],
 "fraction_disordered": 0.2,
 "has_clash": 0.0,
 "iptm": 0.62,
 "num_recycles": 10.0,
 "ptm": 0.63,
 "ranking_score": 0.72
}