{
 "chain_iptm": [
  0.65,
  0.64,
  0.61,
  0.61,
  0.65,
  0.63,
  0.62,
  0.62,
  0.38,
  0.55,
  0.55
 ],
 "chain_pair_iptm": [
  [
   0.74,
   0.65,
   0.78,
   0.67,
   0.74,
   0.69,
   0.71,
   0.68,
   0.41,
   0.57,
   0.57
  ],
  [
   0.65,
   0.73,
   0.67,
   0.77,
   0.69,
   0.73,
   0.68,
   0.71,
   0.38,
   0.57,
   0.57
  ],
  [
   0.78,
   0.67,
   0.66,
   0.63,
   0.65,
   0.62,
   0.66,
   0.65,
   0.33,
   0.57,
   0.57
  ],
  [
   0.67,
   0.77,
   0.63,
   0.66,
   0.62,
   0.64,
   0.64,
   0.66,
   0.31,
   0.57,
   0.58
  ],
  [
   0.74,
   0.69,
   0.65,
   0.62,
   0.65,
   0.65,
   0.74,
   0.66,
   0.53,
   0.6,
   0.6
  ],
  [
   0.69,
   0.73,
   0.62,
   0.64,
   0.65,
   0.64,
   0.65,
   0.73,
   0.35,
   0.6,
   0.6
  ],
  [
   0.71,
   0.68,
   0.66,
   0.64,
   0.74,
   0.65,
   0.66,
   0.6,
   0.42,
   0.57,
   0.57
  ],
  [
   0.68,
   0.71,
   0.65,
   0.66,
   0.66,
   0.73,
   0.6,
   0.66,
   0.33,
   0.57,
   0.57
  ],
  [
   0.41,
   0.38,
   0.33,
   0.31,
   0.53,
   0.35,
   0.42,
   0.33,
   0.26,
   0.35,
   0.35
  ],
  [
   0.57,
   0.57,
   0.57,
   0.57,
   0.6,
   0.6,
   0.57,
   0.57,
   0.35,
   0.42,
   0.52
  ],
  [
   0.57,
   0.57,
   0.57,
   0.58,
   0.6,
   0.6,
   0.57,
   0.57,
   0.35,
   0.52,
   0.42
  ]
 ],
 "chain_pair_pae_min": [
  [
   0.76,
   1.7,
   1.23,
   1.97,
   1.53,
   2.07,
   1.45,
   2.2,
   10.97,
   5.15,
   4.21
  ],
  [
   1.74,
   0.76,
   1.93,
   1.29,
   2.17,
   1.7,
   2.27,
   1.5,
   9.78,
   4.29,
   5.18
  ],
  [
   1.41,
   1.77,
   0.76,
   1.81,
   2.16,
   2.65,
   1.41,
   1.97,
   11.25,
   5.3,
   4.4
  ],
  [
   1.79,
   1.47,
   1.85,
   0.76,
   2.73,
   2.2,
   1.96,
   1.55,
   9.89,
   4.56,
   5.47
  ],
  [
   1.48,
   2.21,
   1.96,
   2.42,
   0.76,
   1.32,
   1.28,
   2.31,
   6.98,
   4.51,
   4.21
  ],
  [
   2.19,
   1.62,
   2.49,
   2.12,
   1.35,
   0.76,
   2.32,
   1.29,
   8.3,
   4.16,
   4.42
  ],
  [
   1.42,
   2.19,
   1.57,
   1.77,
   1.31,
   2.09,
   0.76,
   2.35,
   8.42,
   4.81,
   4.53
  ],
  [
   2.11,
   1.52,
   1.76,
   1.63,
   2.11,
   1.32,
   2.34,
   0.76,
   9.35,
   4.39,
   4.88
  ],
  [
   9.54,
   7.54,
   14.02,
   15.28,
   4.75,
   6.8,
   9.12,
   11.18,
   0.76,
   14.59,
   14.54
  ],
  [
   3.58,
   3.17,
   3.31,
   4.13,
   4.35,
   4.27,
   5.08,
   6.57,
   10.64,
   0.79,
   1.47
  ],
  [
   3.01,
   3.78,
   3.83,
   3.37,
   4.15,
   4.63,
   6.41,
   4.71,
   10.68,
   1.46,
   0.79
  ]
 ],
 "chain_ptm": [
  0.74,
  0.73,
  0.66,
  0.66,
  0.65,
  0.64,
  0.66,
  0.66,
  0.26,
  0.42,
  0.42
 ],
 "fraction_disordered": 0.2,
 "has_clash": 0.0,
 "iptm": 0.63,
 "num_recycles": 10.0,
 "ptm": 0.64,
 "ranking_score": 0.73
}