{
 "chain_iptm": [
  0.64,
  0.63,
  0.6,
  0.6,
  0.64,
  0.62,
  0.61,
  0.6,
  0.33,
  0.53,
  0.53
 ],
 "chain_pair_iptm": [
  [
   0.73,
   0.65,
   0.78,
   0.67,
   0.74,
   0.69,
   0.71,
   0.68,
   0.37,
   0.56,
   0.56
  ],
  [
   0.65,
   0.73,
   0.67,
   0.77,
   0.68,
   0.73,
   0.68,
   0.7,
   0.28,
   0.56,
   0.56
  ],
  [
   0.78,
   0.67,
   0.66,
   0.63,
   0.65,
   0.62,
   0.65,
   0.65,
   0.29,
   0.55,
   0.55
  ],
  [
   0.67,
   0.77,
   0.63,
   0.66,
   0.62,
   0.64,
   0.65,
   0.65,
   0.26,
   0.55,
   0.55
  ],
  [
   0.74,
   0.68,
   0.65,
   0.62,
   0.65,
   0.65,
   0.72,
   0.64,
   0.48,
   0.58,
   0.58
  ],
  [
   0.69,
   0.73,
   0.62,
   0.64,
   0.65,
   0.64,
   0.64,
   0.72,
   0.31,
   0.58,
   0.58
  ],
  [
   0.71,
   0.68,
   0.65,
   0.65,
   0.72,
   0.64,
   0.65,
   0.59,
   0.37,
   0.55,
   0.55
  ],
  [
   0.68,
   0.7,
   0.65,
   0.65,
   0.64,
   0.72,
   0.59,
   0.65,
   0.29,
   0.55,
   0.55
  ],
  [
   0.37,
   0.28,
   0.29,
   0.26,
   0.48,
   0.31,
   0.37,
   0.29,
   0.24,
   0.31,
   0.31
  ],
  [
   0.56,
   0.56,
   0.55,
   0.55,
   0.58,
   0.58,
   0.55,
   0.55,
   0.31,
   0.42,
   0.52
  ],
  [
   0.56,
   0.56,
   0.55,
   0.55,
   0.58,
   0.58,
   0.55,
   0.55,
   0.31,
   0.52,
   0.41
  ]
 ],
 "chain_pair_pae_min": [
  [
   0.76,
   1.71,
   1.24,
   2.0,
   1.57,
   2.01,
   1.48,
   2.2,
   12.44,
   5.33,
   4.73
  ],
  [
   1.75,
   0.76,
   1.95,
   1.29,
   2.07,
   1.75,
   2.22,
   1.56,
   14.71,
   4.6,
   5.42
  ],
  [
   1.44,
   1.77,
   0.76,
   1.83,
   2.19,
   2.71,
   1.45,
   2.01,
   13.5,
   5.61,
   4.69
  ],
  [
   1.78,
   1.5,
   1.84,
   0.76,
   2.82,
   2.2,
   2.04,
   1.59,
   15.69,
   4.92,
   5.66
  ],
  [
   1.53,
   2.23,
   2.03,
   2.42,
   0.76,
   1.31,
   1.3,
   2.31,
   8.52,
   5.17,
   5.06
  ],
  [
   2.15,
   1.7,
   2.5,
   2.13,
   1.34,
   0.76,
   2.31,
   1.33,
   12.66,
   4.94,
   5.23
  ],
  [
   1.49,
   2.16,
   1.6,
   1.79,
   1.32,
   2.11,
   0.76,
   2.29,
   12.24,
   5.44,
   5.31
  ],
  [
   2.15,
   1.6,
   1.81,
   1.66,
   2.15,
   1.36,
   2.29,
   0.76,
   13.92,
   5.1,
   5.5
  ],
  [
   11.22,
   18.21,
   16.85,
   19.74,
   5.6,
   15.52,
   10.78,
   18.08,
   0.76,
   15.59,
   15.84
  ],
  [
   3.65,
   3.1,
   3.56,
   4.21,
   4.95,
   4.82,
   6.4,
   6.94,
   16.87,
   0.79,
   1.48
  ],
  [
   3.2,
   3.76,
   4.03,
   3.56,
   4.72,
   5.28,
   6.78,
   5.2,
   16.71,
   1.5,
   0.79
  ]
 ],
 "chain_ptm": [
  0.73,
  0.73,
  0.66,
  0.66,
  0.65,
  0.64,
  0.65,
  0.65,
  0.24,
  0.42,
  0.41
 ],
 "fraction_disordered": 0.19,
 "has_clash": 0.0,
 "iptm": 0.6,
 "num_recycles": 10.0,
 "ptm": 0.62,
 "ranking_score": 0.7
}