{
 "chain_iptm": [
  0.65,
  0.64,
  0.61,
  0.61,
  0.64,
  0.63,
  0.62,
  0.61,
  0.32,
  0.55,
  0.55
 ],
 "chain_pair_iptm": [
  [
   0.73,
   0.65,
   0.78,
   0.68,
   0.74,
   0.69,
   0.72,
   0.68,
   0.35,
   0.58,
   0.59
  ],
  [
   0.65,
   0.73,
   0.68,
   0.78,
   0.69,
   0.73,
   0.69,
   0.71,
   0.27,
   0.59,
   0.58
  ],
  [
   0.78,
   0.68,
   0.66,
   0.64,
   0.65,
   0.63,
   0.67,
   0.65,
   0.28,
   0.58,
   0.58
  ],
  [
   0.68,
   0.78,
   0.64,
   0.66,
   0.63,
   0.65,
   0.65,
   0.66,
   0.24,
   0.58,
   0.58
  ],
  [
   0.74,
   0.69,
   0.65,
   0.63,
   0.65,
   0.65,
   0.74,
   0.66,
   0.46,
   0.6,
   0.6
  ],
  [
   0.69,
   0.73,
   0.63,
   0.65,
   0.65,
   0.64,
   0.66,
   0.73,
   0.3,
   0.61,
   0.61
  ],
  [
   0.72,
   0.69,
   0.67,
   0.65,
   0.74,
   0.66,
   0.67,
   0.6,
   0.38,
   0.58,
   0.58
  ],
  [
   0.68,
   0.71,
   0.65,
   0.66,
   0.66,
   0.73,
   0.6,
   0.66,
   0.29,
   0.58,
   0.58
  ],
  [
   0.35,
   0.27,
   0.28,
   0.24,
   0.46,
   0.3,
   0.38,
   0.29,
   0.25,
   0.3,
   0.31
  ],
  [
   0.58,
   0.59,
   0.58,
   0.58,
   0.6,
   0.61,
   0.58,
   0.58,
   0.3,
   0.42,
   0.52
  ],
  [
   0.59,
   0.58,
   0.58,
   0.58,
   0.6,
   0.61,
   0.58,
   0.58,
   0.31,
   0.52,
   0.41
  ]
 ],
 "chain_pair_pae_min": [
  [
   0.76,
   1.71,
   1.22,
   1.92,
   1.58,
   2.05,
   1.43,
   2.17,
   11.64,
   4.7,
   3.91
  ],
  [
   1.73,
   0.76,
   1.92,
   1.28,
   2.07,
   1.66,
   2.24,
   1.5,
   13.71,
   3.87,
   4.59
  ],
  [
   1.36,
   1.72,
   0.76,
   1.79,
   2.05,
   2.54,
   1.35,
   1.89,
   12.8,
   4.79,
   4.29
  ],
  [
   1.73,
   1.46,
   1.8,
   0.76,
   2.65,
   2.1,
   1.93,
   1.41,
   14.55,
   4.18,
   4.69
  ],
  [
   1.49,
   2.2,
   1.9,
   2.35,
   0.76,
   1.31,
   1.25,
   2.32,
   9.81,
   4.36,
   4.04
  ],
  [
   2.16,
   1.55,
   2.39,
   2.02,
   1.33,
   0.76,
   2.32,
   1.27,
   11.94,
   3.99,
   4.15
  ],
  [
   1.38,
   2.14,
   1.53,
   1.68,
   1.27,
   2.03,
   0.76,
   2.29,
   11.69,
   4.55,
   4.08
  ],
  [
   2.1,
   1.48,
   1.71,
   1.58,
   2.11,
   1.29,
   2.28,
   0.76,
   12.78,
   4.34,
   4.71
  ],
  [
   12.25,
   18.53,
   16.84,
   20.17,
   7.04,
   15.12,
   10.82,
   18.08,
   0.76,
   15.38,
   15.46
  ],
  [
   2.98,
   2.59,
   2.84,
   3.41,
   4.16,
   3.78,
   4.15,
   5.07,
   16.19,
   0.79,
   1.51
  ],
  [
   2.67,
   3.24,
   3.11,
   2.84,
   4.08,
   4.57,
   5.7,
   3.76,
   16.12,
   1.5,
   0.79
  ]
 ],
 "chain_ptm": [
  0.73,
  0.73,
  0.66,
  0.66,
  0.65,
  0.64,
  0.67,
  0.66,
  0.25,
  0.42,
  0.41
 ],
 "fraction_disordered": 0.18,
 "has_clash": 0.0,
 "iptm": 0.61,
 "num_recycles": 10.0,
 "ptm": 0.62,
 "ranking_score": 0.7
}