{
 "chain_iptm": [
  0.65,
  0.64,
  0.62,
  0.61,
  0.65,
  0.63,
  0.63,
  0.62,
  0.38,
  0.55,
  0.55
 ],
 "chain_pair_iptm": [
  [
   0.74,
   0.65,
   0.78,
   0.67,
   0.74,
   0.69,
   0.71,
   0.68,
   0.44,
   0.57,
   0.57
  ],
  [
   0.65,
   0.73,
   0.67,
   0.77,
   0.69,
   0.73,
   0.68,
   0.71,
   0.34,
   0.57,
   0.57
  ],
  [
   0.78,
   0.67,
   0.66,
   0.63,
   0.64,
   0.62,
   0.67,
   0.65,
   0.35,
   0.57,
   0.57
  ],
  [
   0.67,
   0.77,
   0.63,
   0.66,
   0.62,
   0.64,
   0.65,
   0.67,
   0.3,
   0.56,
   0.57
  ],
  [
   0.74,
   0.69,
   0.64,
   0.62,
   0.65,
   0.65,
   0.75,
   0.67,
   0.54,
   0.59,
   0.59
  ],
  [
   0.69,
   0.73,
   0.62,
   0.64,
   0.65,
   0.64,
   0.67,
   0.74,
   0.36,
   0.6,
   0.6
  ],
  [
   0.71,
   0.68,
   0.67,
   0.65,
   0.75,
   0.67,
   0.68,
   0.61,
   0.45,
   0.56,
   0.56
  ],
  [
   0.68,
   0.71,
   0.65,
   0.67,
   0.67,
   0.74,
   0.61,
   0.67,
   0.35,
   0.56,
   0.56
  ],
  [
   0.44,
   0.34,
   0.35,
   0.3,
   0.54,
   0.36,
   0.45,
   0.35,
   0.26,
   0.36,
   0.36
  ],
  [
   0.57,
   0.57,
   0.57,
   0.56,
   0.59,
   0.6,
   0.56,
   0.56,
   0.36,
   0.42,
   0.52
  ],
  [
   0.57,
   0.57,
   0.57,
   0.57,
   0.59,
   0.6,
   0.56,
   0.56,
   0.36,
   0.52,
   0.42
  ]
 ],
 "chain_pair_pae_min": [
  [
   0.76,
   1.71,
   1.25,
   2.0,
   1.58,
   2.05,
   1.48,
   2.22,
   11.0,
   5.26,
   4.52
  ],
  [
   1.76,
   0.76,
   1.95,
   1.29,
   2.13,
   1.71,
   2.24,
   1.5,
   12.12,
   4.37,
   5.33
  ],
  [
   1.44,
   1.79,
   0.76,
   1.85,
   2.18,
   2.64,
   1.46,
   2.01,
   11.25,
   5.45,
   4.75
  ],
  [
   1.79,
   1.48,
   1.84,
   0.76,
   2.72,
   2.21,
   2.04,
   1.54,
   13.18,
   4.43,
   5.47
  ],
  [
   1.52,
   2.23,
   1.98,
   2.44,
   0.76,
   1.3,
   1.27,
   2.32,
   7.15,
   4.63,
   4.59
  ],
  [
   2.14,
   1.64,
   2.46,
   2.09,
   1.31,
   0.76,
   2.31,
   1.3,
   10.24,
   4.38,
   4.66
  ],
  [
   1.48,
   2.16,
   1.6,
   1.75,
   1.32,
   2.11,
   0.76,
   2.34,
   9.96,
   4.94,
   4.84
  ],
  [
   2.11,
   1.56,
   1.78,
   1.64,
   2.12,
   1.35,
   2.35,
   0.76,
   11.47,
   4.64,
   5.09
  ],
  [
   9.06,
   12.3,
   13.21,
   17.32,
   4.95,
   11.26,
   8.86,
   15.31,
   0.76,
   14.62,
   14.17
  ],
  [
   3.66,
   3.21,
   3.54,
   4.28,
   4.42,
   4.47,
   5.61,
   6.87,
   13.49,
   0.79,
   1.49
  ],
  [
   3.21,
   3.82,
   4.21,
   3.57,
   4.31,
   4.72,
   6.66,
   5.48,
   13.53,
   1.46,
   0.79
  ]
 ],
 "chain_ptm": [
  0.74,
  0.73,
  0.66,
  0.66,
  0.65,
  0.64,
  0.68,
  0.67,
  0.26,
  0.42,
  0.42
 ],
 "fraction_disordered": 0.22,
 "has_clash": 0.0,
 "iptm": 0.63,
 "num_recycles": 10.0,
 "ptm": 0.64,
 "ranking_score": 0.74
}