{
 "chain_iptm": [
  0.64,
  0.63,
  0.61,
  0.61,
  0.64,
  0.62,
  0.62,
  0.61,
  0.36,
  0.54,
  0.54
 ],
 "chain_pair_iptm": [
  [
   0.73,
   0.65,
   0.77,
   0.67,
   0.73,
   0.68,
   0.7,
   0.68,
   0.41,
   0.56,
   0.56
  ],
  [
   0.65,
   0.73,
   0.67,
   0.76,
   0.68,
   0.72,
   0.67,
   0.7,
   0.33,
   0.57,
   0.56
  ],
  [
   0.77,
   0.67,
   0.67,
   0.64,
   0.65,
   0.63,
   0.67,
   0.65,
   0.34,
   0.56,
   0.56
  ],
  [
   0.67,
   0.76,
   0.64,
   0.66,
   0.62,
   0.65,
   0.65,
   0.66,
   0.3,
   0.56,
   0.56
  ],
  [
   0.73,
   0.68,
   0.65,
   0.62,
   0.65,
   0.64,
   0.74,
   0.66,
   0.5,
   0.58,
   0.58
  ],
  [
   0.68,
   0.72,
   0.63,
   0.65,
   0.64,
   0.63,
   0.66,
   0.74,
   0.33,
   0.58,
   0.58
  ],
  [
   0.7,
   0.67,
   0.67,
   0.65,
   0.74,
   0.66,
   0.67,
   0.61,
   0.42,
   0.56,
   0.55
  ],
  [
   0.68,
   0.7,
   0.65,
   0.66,
   0.66,
   0.74,
   0.61,
   0.67,
   0.33,
   0.56,
   0.56
  ],
  [
   0.41,
   0.33,
   0.34,
   0.3,
   0.5,
   0.33,
   0.42,
   0.33,
   0.33,
   0.34,
   0.35
  ],
  [
   0.56,
   0.57,
   0.56,
   0.56,
   0.58,
   0.58,
   0.56,
   0.56,
   0.34,
   0.42,
   0.52
  ],
  [
   0.56,
   0.56,
   0.56,
   0.56,
   0.58,
   0.58,
   0.55,
   0.56,
   0.35,
   0.52,
   0.42
  ]
 ],
 "chain_pair_pae_min": [
  [
   0.76,
   1.78,
   1.45,
   2.16,
   1.79,
   2.23,
   1.57,
   2.26,
   11.65,
   5.41,
   5.03
  ],
  [
   1.85,
   0.76,
   2.2,
   1.56,
   2.31,
   1.83,
   2.41,
   1.63,
   13.22,
   4.6,
   5.53
  ],
  [
   1.56,
   1.89,
   0.76,
   1.87,
   2.46,
   3.05,
   1.77,
   2.09,
   12.27,
   5.97,
   5.19
  ],
  [
   1.9,
   1.57,
   1.85,
   0.76,
   2.98,
   2.52,
   2.12,
   1.77,
   13.66,
   5.02,
   5.74
  ],
  [
   1.68,
   2.35,
   2.22,
   2.65,
   0.76,
   1.4,
   1.51,
   2.45,
   6.33,
   4.92,
   5.01
  ],
  [
   2.27,
   1.78,
   2.64,
   2.24,
   1.39,
   0.76,
   2.44,
   1.58,
   11.18,
   4.97,
   4.81
  ],
  [
   1.67,
   2.32,
   1.92,
   1.94,
   1.5,
   2.25,
   0.76,
   2.35,
   10.72,
   5.67,
   5.79
  ],
  [
   2.3,
   1.68,
   1.98,
   1.99,
   2.18,
   1.64,
   2.37,
   0.76,
   12.28,
   5.6,
   5.73
  ],
  [
   10.39,
   15.47,
   14.07,
   15.63,
   5.13,
   13.35,
   10.29,
   15.52,
   0.76,
   13.52,
   13.2
  ],
  [
   3.82,
   3.23,
   3.42,
   4.04,
   4.87,
   5.36,
   5.83,
   6.8,
   13.91,
   0.79,
   1.46
  ],
  [
   3.21,
   3.97,
   3.83,
   3.52,
   4.89,
   4.97,
   6.72,
   5.73,
   13.93,
   1.47,
   0.79
  ]
 ],
 "chain_ptm": [
  0.73,
  0.73,
  0.67,
  0.66,
  0.65,
  0.63,
  0.67,
  0.67,
  0.33,
  0.42,
  0.42
 ],
 "fraction_disordered": 0.23,
 "has_clash": 0.0,
 "iptm": 0.65,
 "num_recycles": 10.0,
 "ptm": 0.67,
 "ranking_score": 0.77
}