{
 "chain_iptm": [
  0.65,
  0.65,
  0.62,
  0.62,
  0.65,
  0.64,
  0.64,
  0.63,
  0.41,
  0.56,
  0.56
 ],
 "chain_pair_iptm": [
  [
   0.73,
   0.66,
   0.78,
   0.68,
   0.74,
   0.69,
   0.71,
   0.68,
   0.45,
   0.58,
   0.58
  ],
  [
   0.66,
   0.73,
   0.67,
   0.77,
   0.69,
   0.73,
   0.68,
   0.71,
   0.37,
   0.59,
   0.58
  ],
  [
   0.78,
   0.67,
   0.67,
   0.64,
   0.65,
   0.63,
   0.68,
   0.65,
   0.38,
   0.58,
   0.58
  ],
  [
   0.68,
   0.77,
   0.64,
   0.66,
   0.63,
   0.65,
   0.66,
   0.67,
   0.34,
   0.58,
   0.58
  ],
  [
   0.74,
   0.69,
   0.65,
   0.63,
   0.66,
   0.65,
   0.76,
   0.67,
   0.54,
   0.6,
   0.6
  ],
  [
   0.69,
   0.73,
   0.63,
   0.65,
   0.65,
   0.64,
   0.68,
   0.75,
   0.36,
   0.61,
   0.61
  ],
  [
   0.71,
   0.68,
   0.68,
   0.66,
   0.76,
   0.68,
   0.69,
   0.62,
   0.47,
   0.58,
   0.58
  ],
  [
   0.68,
   0.71,
   0.65,
   0.67,
   0.67,
   0.75,
   0.62,
   0.68,
   0.37,
   0.58,
   0.58
  ],
  [
   0.45,
   0.37,
   0.38,
   0.34,
   0.54,
   0.36,
   0.47,
   0.37,
   0.32,
   0.39,
   0.39
  ],
  [
   0.58,
   0.59,
   0.58,
   0.58,
   0.6,
   0.61,
   0.58,
   0.58,
   0.39,
   0.43,
   0.53
  ],
  [
   0.58,
   0.58,
   0.58,
   0.58,
   0.6,
   0.61,
   0.58,
   0.58,
   0.39,
   0.53,
   0.43
  ]
 ],
 "chain_pair_pae_min": [
  [
   0.76,
   1.72,
   1.33,
   2.1,
   1.64,
   2.16,
   1.52,
   2.28,
   9.11,
   4.94,
   4.6
  ],
  [
   1.78,
   0.76,
   2.09,
   1.49,
   2.24,
   1.71,
   2.28,
   1.56,
   10.89,
   4.04,
   4.91
  ],
  [
   1.48,
   1.81,
   0.76,
   1.79,
   2.29,
   2.74,
   1.55,
   1.92,
   10.07,
   5.41,
   4.76
  ],
  [
   1.79,
   1.51,
   1.78,
   0.76,
   2.74,
   2.34,
   1.96,
   1.61,
   11.43,
   4.56,
   5.34
  ],
  [
   1.55,
   2.25,
   2.07,
   2.45,
   0.76,
   1.32,
   1.36,
   2.33,
   5.26,
   4.5,
   4.44
  ],
  [
   2.22,
   1.67,
   2.49,
   2.1,
   1.32,
   0.76,
   2.31,
   1.46,
   8.73,
   4.37,
   4.49
  ],
  [
   1.55,
   2.2,
   1.73,
   1.82,
   1.41,
   2.15,
   0.76,
   2.28,
   8.01,
   4.82,
   4.86
  ],
  [
   2.18,
   1.61,
   1.83,
   1.82,
   2.15,
   1.48,
   2.26,
   0.76,
   9.58,
   4.71,
   4.94
  ],
  [
   8.92,
   13.35,
   11.83,
   13.95,
   4.02,
   11.24,
   8.24,
   13.59,
   0.76,
   12.2,
   12.05
  ],
  [
   3.45,
   2.93,
   3.01,
   3.57,
   4.29,
   4.43,
   4.88,
   5.97,
   12.38,
   0.79,
   1.45
  ],
  [
   2.94,
   3.51,
   3.55,
   3.09,
   4.27,
   4.29,
   5.91,
   4.75,
   12.5,
   1.42,
   0.79
  ]
 ],
 "chain_ptm": [
  0.73,
  0.73,
  0.67,
  0.66,
  0.66,
  0.64,
  0.69,
  0.68,
  0.32,
  0.43,
  0.43
 ],
 "fraction_disordered": 0.23,
 "has_clash": 0.0,
 "iptm": 0.67,
 "num_recycles": 10.0,
 "ptm": 0.68,
 "ranking_score": 0.79
}