{
 "chain_iptm": [
  0.66,
  0.65,
  0.64,
  0.62,
  0.64,
  0.64,
  0.63,
  0.64,
  0.45,
  0.56,
  0.56
 ],
 "chain_pair_iptm": [
  [
   0.73,
   0.66,
   0.77,
   0.67,
   0.73,
   0.69,
   0.71,
   0.68,
   0.6,
   0.57,
   0.57
  ],
  [
   0.66,
   0.73,
   0.67,
   0.77,
   0.69,
   0.73,
   0.68,
   0.71,
   0.41,
   0.58,
   0.58
  ],
  [
   0.77,
   0.67,
   0.66,
   0.63,
   0.65,
   0.63,
   0.68,
   0.65,
   0.55,
   0.58,
   0.57
  ],
  [
   0.67,
   0.77,
   0.63,
   0.66,
   0.62,
   0.64,
   0.65,
   0.67,
   0.38,
   0.57,
   0.58
  ],
  [
   0.73,
   0.69,
   0.65,
   0.62,
   0.65,
   0.64,
   0.76,
   0.67,
   0.44,
   0.6,
   0.59
  ],
  [
   0.69,
   0.73,
   0.63,
   0.64,
   0.64,
   0.64,
   0.67,
   0.75,
   0.42,
   0.6,
   0.6
  ],
  [
   0.71,
   0.68,
   0.68,
   0.65,
   0.76,
   0.67,
   0.68,
   0.62,
   0.44,
   0.57,
   0.57
  ],
  [
   0.68,
   0.71,
   0.65,
   0.67,
   0.67,
   0.75,
   0.62,
   0.68,
   0.47,
   0.57,
   0.57
  ],
  [
   0.6,
   0.41,
   0.55,
   0.38,
   0.44,
   0.42,
   0.44,
   0.47,
   0.33,
   0.41,
   0.4
  ],
  [
   0.57,
   0.58,
   0.58,
   0.57,
   0.6,
   0.6,
   0.57,
   0.57,
   0.41,
   0.43,
   0.53
  ],
  [
   0.57,
   0.58,
   0.57,
   0.58,
   0.59,
   0.6,
   0.57,
   0.57,
   0.4,
   0.53,
   0.42
  ]
 ],
 "chain_pair_pae_min": [
  [
   0.76,
   1.75,
   1.36,
   2.12,
   1.73,
   2.21,
   1.51,
   2.32,
   3.7,
   5.1,
   4.58
  ],
  [
   1.8,
   0.76,
   2.12,
   1.52,
   2.26,
   1.73,
   2.35,
   1.55,
   5.72,
   4.12,
   5.04
  ],
  [
   1.49,
   1.83,
   0.76,
   1.83,
   2.34,
   2.79,
   1.59,
   1.95,
   4.15,
   5.66,
   4.96
  ],
  [
   1.81,
   1.53,
   1.8,
   0.76,
   2.86,
   2.37,
   1.99,
   1.63,
   5.67,
   4.84,
   5.47
  ],
  [
   1.64,
   2.26,
   2.15,
   2.49,
   0.76,
   1.35,
   1.4,
   2.42,
   4.59,
   4.64,
   4.5
  ],
  [
   2.29,
   1.7,
   2.53,
   2.12,
   1.36,
   0.76,
   2.38,
   1.48,
   4.89,
   4.56,
   4.52
  ],
  [
   1.59,
   2.22,
   1.77,
   1.84,
   1.43,
   2.18,
   0.76,
   2.32,
   5.36,
   5.17,
   5.01
  ],
  [
   2.22,
   1.63,
   1.81,
   1.83,
   2.19,
   1.52,
   2.35,
   0.76,
   5.36,
   4.96,
   5.22
  ],
  [
   4.17,
   10.97,
   4.49,
   11.0,
   4.74,
   4.71,
   7.03,
   9.07,
   0.76,
   12.23,
   12.13
  ],
  [
   3.63,
   3.1,
   3.11,
   3.83,
   4.43,
   4.53,
   5.01,
   6.12,
   8.06,
   0.79,
   1.47
  ],
  [
   2.94,
   3.71,
   3.48,
   3.16,
   4.19,
   4.42,
   6.27,
   5.02,
   8.28,
   1.45,
   0.79
  ]
 ],
 "chain_ptm": [
  0.73,
  0.73,
  0.66,
  0.66,
  0.65,
  0.64,
  0.68,
  0.68,
  0.33,
  0.43,
  0.42
 ],
 "fraction_disordered": 0.23,
 "has_clash": 0.0,
 "iptm": 0.66,
 "num_recycles": 10.0,
 "ptm": 0.67,
 "ranking_score": 0.78
}