{
 "chain_iptm": [
  0.64,
  0.63,
  0.61,
  0.61,
  0.63,
  0.62,
  0.62,
  0.61,
  0.27,
  0.55,
  0.55
 ],
 "chain_pair_iptm": [
  [
   0.73,
   0.66,
   0.77,
   0.68,
   0.73,
   0.69,
   0.71,
   0.68,
   0.29,
   0.58,
   0.58
  ],
  [
   0.66,
   0.73,
   0.68,
   0.77,
   0.69,
   0.73,
   0.68,
   0.71,
   0.23,
   0.58,
   0.58
  ],
  [
   0.77,
   0.68,
   0.66,
   0.64,
   0.65,
   0.63,
   0.66,
   0.65,
   0.24,
   0.58,
   0.58
  ],
  [
   0.68,
   0.77,
   0.64,
   0.66,
   0.63,
   0.65,
   0.65,
   0.66,
   0.22,
   0.58,
   0.58
  ],
  [
   0.73,
   0.69,
   0.65,
   0.63,
   0.65,
   0.65,
   0.73,
   0.66,
   0.39,
   0.6,
   0.6
  ],
  [
   0.69,
   0.73,
   0.63,
   0.65,
   0.65,
   0.65,
   0.66,
   0.73,
   0.25,
   0.6,
   0.6
  ],
  [
   0.71,
   0.68,
   0.66,
   0.65,
   0.73,
   0.66,
   0.67,
   0.6,
   0.3,
   0.58,
   0.58
  ],
  [
   0.68,
   0.71,
   0.65,
   0.66,
   0.66,
   0.73,
   0.6,
   0.66,
   0.24,
   0.57,
   0.57
  ],
  [
   0.29,
   0.23,
   0.24,
   0.22,
   0.39,
   0.25,
   0.3,
   0.24,
   0.32,
   0.27,
   0.26
  ],
  [
   0.58,
   0.58,
   0.58,
   0.58,
   0.6,
   0.6,
   0.58,
   0.57,
   0.27,
   0.43,
   0.53
  ],
  [
   0.58,
   0.58,
   0.58,
   0.58,
   0.6,
   0.6,
   0.58,
   0.57,
   0.26,
   0.53,
   0.43
  ]
 ],
 "chain_pair_pae_min": [
  [
   0.76,
   1.7,
   1.3,
   2.07,
   1.62,
   2.09,
   1.47,
   2.2,
   9.31,
   4.79,
   4.44
  ],
  [
   1.74,
   0.76,
   2.03,
   1.48,
   2.18,
   1.69,
   2.26,
   1.52,
   10.12,
   3.99,
   4.91
  ],
  [
   1.47,
   1.75,
   0.76,
   1.76,
   2.29,
   2.76,
   1.53,
   1.85,
   9.22,
   5.5,
   4.84
  ],
  [
   1.77,
   1.48,
   1.73,
   0.76,
   2.74,
   2.3,
   1.88,
   1.57,
   10.93,
   4.66,
   5.43
  ],
  [
   1.51,
   2.2,
   2.06,
   2.43,
   0.76,
   1.3,
   1.31,
   2.32,
   7.84,
   4.18,
   4.3
  ],
  [
   2.16,
   1.62,
   2.47,
   2.09,
   1.3,
   0.76,
   2.24,
   1.41,
   10.13,
   4.23,
   4.26
  ],
  [
   1.52,
   2.16,
   1.72,
   1.73,
   1.37,
   2.09,
   0.76,
   2.26,
   10.27,
   4.75,
   4.78
  ],
  [
   2.17,
   1.6,
   1.7,
   1.78,
   2.11,
   1.47,
   2.27,
   0.76,
   10.14,
   4.74,
   4.84
  ],
  [
   10.61,
   20.27,
   11.96,
   20.43,
   7.71,
   12.64,
   14.47,
   19.56,
   0.76,
   15.25,
   15.07
  ],
  [
   3.38,
   2.91,
   2.98,
   3.52,
   4.43,
   4.44,
   4.65,
   6.0,
   12.08,
   0.79,
   1.44
  ],
  [
   2.96,
   3.49,
   3.52,
   2.96,
   4.34,
   4.37,
   6.03,
   4.76,
   11.67,
   1.42,
   0.79
  ]
 ],
 "chain_ptm": [
  0.73,
  0.73,
  0.66,
  0.66,
  0.65,
  0.65,
  0.67,
  0.66,
  0.32,
  0.43,
  0.43
 ],
 "fraction_disordered": 0.23,
 "has_clash": 0.0,
 "iptm": 0.65,
 "num_recycles": 10.0,
 "ptm": 0.66,
 "ranking_score": 0.76
}