{
 "chain_iptm": [
  0.63,
  0.63,
  0.61,
  0.6,
  0.63,
  0.62,
  0.62,
  0.61,
  0.29,
  0.53,
  0.53
 ],
 "chain_pair_iptm": [
  [
   0.73,
   0.65,
   0.77,
   0.67,
   0.73,
   0.69,
   0.71,
   0.68,
   0.31,
   0.56,
   0.57
  ],
  [
   0.65,
   0.73,
   0.67,
   0.77,
   0.69,
   0.73,
   0.68,
   0.7,
   0.25,
   0.58,
   0.56
  ],
  [
   0.77,
   0.67,
   0.67,
   0.64,
   0.65,
   0.63,
   0.67,
   0.65,
   0.26,
   0.56,
   0.56
  ],
  [
   0.67,
   0.77,
   0.64,
   0.66,
   0.63,
   0.65,
   0.65,
   0.66,
   0.25,
   0.56,
   0.56
  ],
  [
   0.73,
   0.69,
   0.65,
   0.63,
   0.65,
   0.64,
   0.75,
   0.66,
   0.4,
   0.58,
   0.58
  ],
  [
   0.69,
   0.73,
   0.63,
   0.65,
   0.64,
   0.64,
   0.67,
   0.74,
   0.28,
   0.59,
   0.59
  ],
  [
   0.71,
   0.68,
   0.67,
   0.65,
   0.75,
   0.67,
   0.68,
   0.61,
   0.31,
   0.56,
   0.56
  ],
  [
   0.68,
   0.7,
   0.65,
   0.66,
   0.66,
   0.74,
   0.61,
   0.67,
   0.26,
   0.56,
   0.56
  ],
  [
   0.31,
   0.25,
   0.26,
   0.25,
   0.4,
   0.28,
   0.31,
   0.26,
   0.33,
   0.27,
   0.27
  ],
  [
   0.56,
   0.58,
   0.56,
   0.56,
   0.58,
   0.59,
   0.56,
   0.56,
   0.27,
   0.42,
   0.52
  ],
  [
   0.57,
   0.56,
   0.56,
   0.56,
   0.58,
   0.59,
   0.56,
   0.56,
   0.27,
   0.52,
   0.42
  ]
 ],
 "chain_pair_pae_min": [
  [
   0.76,
   1.78,
   1.36,
   2.11,
   1.75,
   2.18,
   1.52,
   2.33,
   10.86,
   5.26,
   4.59
  ],
  [
   1.85,
   0.76,
   2.15,
   1.54,
   2.3,
   1.76,
   2.39,
   1.58,
   11.55,
   4.32,
   5.44
  ],
  [
   1.54,
   1.87,
   0.76,
   1.85,
   2.39,
   2.89,
   1.64,
   2.0,
   12.16,
   5.76,
   5.09
  ],
  [
   1.88,
   1.56,
   1.82,
   0.76,
   2.88,
   2.45,
   2.03,
   1.69,
   12.16,
   4.91,
   5.62
  ],
  [
   1.63,
   2.28,
   2.17,
   2.56,
   0.76,
   1.35,
   1.42,
   2.39,
   7.32,
   4.97,
   4.99
  ],
  [
   2.23,
   1.73,
   2.6,
   2.18,
   1.36,
   0.76,
   2.39,
   1.49,
   11.82,
   4.86,
   4.86
  ],
  [
   1.64,
   2.29,
   1.83,
   1.92,
   1.46,
   2.21,
   0.76,
   2.33,
   11.32,
   5.0,
   5.4
  ],
  [
   2.24,
   1.66,
   1.92,
   1.91,
   2.18,
   1.54,
   2.35,
   0.76,
   12.18,
   5.38,
   5.4
  ],
  [
   11.59,
   17.49,
   11.89,
   20.28,
   7.04,
   14.31,
   13.54,
   19.37,
   0.76,
   15.61,
   14.76
  ],
  [
   3.58,
   3.08,
   3.26,
   3.88,
   4.53,
   4.4,
   5.45,
   6.35,
   14.46,
   0.79,
   1.46
  ],
  [
   2.95,
   3.8,
   3.56,
   3.44,
   4.39,
   4.61,
   6.23,
   5.07,
   14.54,
   1.46,
   0.8
  ]
 ],
 "chain_ptm": [
  0.73,
  0.73,
  0.67,
  0.66,
  0.65,
  0.64,
  0.68,
  0.67,
  0.33,
  0.42,
  0.42
 ],
 "fraction_disordered": 0.24,
 "has_clash": 0.0,
 "iptm": 0.66,
 "num_recycles": 10.0,
 "ptm": 0.67,
 "ranking_score": 0.78
}