{
 "chain_iptm": [
  0.65,
  0.63,
  0.62,
  0.6,
  0.63,
  0.63,
  0.63,
  0.62,
  0.36,
  0.54,
  0.54
 ],
 "chain_pair_iptm": [
  [
   0.73,
   0.65,
   0.77,
   0.66,
   0.73,
   0.68,
   0.7,
   0.67,
   0.47,
   0.58,
   0.56
  ],
  [
   0.65,
   0.73,
   0.66,
   0.76,
   0.68,
   0.72,
   0.68,
   0.7,
   0.31,
   0.57,
   0.56
  ],
  [
   0.77,
   0.66,
   0.66,
   0.63,
   0.64,
   0.62,
   0.67,
   0.65,
   0.43,
   0.56,
   0.56
  ],
  [
   0.66,
   0.76,
   0.63,
   0.65,
   0.62,
   0.64,
   0.65,
   0.66,
   0.28,
   0.56,
   0.56
  ],
  [
   0.73,
   0.68,
   0.64,
   0.62,
   0.65,
   0.64,
   0.76,
   0.67,
   0.4,
   0.59,
   0.59
  ],
  [
   0.68,
   0.72,
   0.62,
   0.64,
   0.64,
   0.64,
   0.67,
   0.75,
   0.36,
   0.59,
   0.59
  ],
  [
   0.7,
   0.68,
   0.67,
   0.65,
   0.76,
   0.67,
   0.69,
   0.62,
   0.39,
   0.56,
   0.56
  ],
  [
   0.67,
   0.7,
   0.65,
   0.66,
   0.67,
   0.75,
   0.62,
   0.68,
   0.37,
   0.56,
   0.56
  ],
  [
   0.47,
   0.31,
   0.43,
   0.28,
   0.4,
   0.36,
   0.39,
   0.37,
   0.32,
   0.3,
   0.3
  ],
  [
   0.58,
   0.57,
   0.56,
   0.56,
   0.59,
   0.59,
   0.56,
   0.56,
   0.3,
   0.42,
   0.53
  ],
  [
   0.56,
   0.56,
   0.56,
   0.56,
   0.59,
   0.59,
   0.56,
   0.56,
   0.3,
   0.53,
   0.42
  ]
 ],
 "chain_pair_pae_min": [
  [
   0.76,
   1.8,
   1.51,
   2.21,
   1.71,
   2.22,
   1.58,
   2.35,
   5.01,
   4.6,
   5.5
  ],
  [
   1.85,
   0.76,
   2.26,
   1.76,
   2.3,
   1.82,
   2.39,
   1.64,
   6.73,
   5.64,
   4.89
  ],
  [
   1.62,
   1.94,
   0.76,
   1.87,
   2.51,
   2.92,
   1.76,
   2.13,
   6.26,
   5.14,
   5.81
  ],
  [
   1.96,
   1.62,
   1.84,
   0.76,
   3.06,
   2.56,
   2.15,
   1.82,
   7.82,
   6.12,
   5.49
  ],
  [
   1.68,
   2.35,
   2.22,
   2.63,
   0.76,
   1.37,
   1.43,
   2.46,
   6.22,
   4.92,
   5.04
  ],
  [
   2.33,
   1.75,
   2.63,
   2.25,
   1.35,
   0.76,
   2.41,
   1.5,
   6.19,
   4.85,
   4.94
  ],
  [
   1.66,
   2.32,
   1.98,
   2.05,
   1.46,
   2.21,
   0.76,
   2.35,
   6.4,
   5.39,
   5.48
  ],
  [
   2.27,
   1.7,
   1.98,
   2.09,
   2.24,
   1.6,
   2.38,
   0.76,
   6.44,
   5.17,
   5.48
  ],
  [
   5.27,
   13.32,
   7.76,
   14.55,
   5.27,
   6.23,
   8.76,
   11.55,
   0.76,
   14.94,
   14.9
  ],
  [
   3.11,
   4.0,
   3.98,
   3.29,
   4.44,
   4.47,
   6.4,
   5.2,
   9.51,
   0.79,
   1.46
  ],
  [
   3.79,
   3.28,
   3.23,
   3.8,
   4.66,
   4.83,
   5.19,
   6.41,
   10.08,
   1.49,
   0.79
  ]
 ],
 "chain_ptm": [
  0.73,
  0.73,
  0.66,
  0.65,
  0.65,
  0.64,
  0.69,
  0.68,
  0.32,
  0.42,
  0.42
 ],
 "fraction_disordered": 0.32,
 "has_clash": 0.0,
 "iptm": 0.66,
 "num_recycles": 10.0,
 "ptm": 0.67,
 "ranking_score": 0.82
}