{
 "chain_iptm": [
  0.63,
  0.63,
  0.6,
  0.6,
  0.62,
  0.62,
  0.61,
  0.6,
  0.24,
  0.54,
  0.53
 ],
 "chain_pair_iptm": [
  [
   0.73,
   0.66,
   0.77,
   0.67,
   0.73,
   0.69,
   0.71,
   0.68,
   0.24,
   0.58,
   0.57
  ],
  [
   0.66,
   0.73,
   0.67,
   0.76,
   0.69,
   0.73,
   0.68,
   0.71,
   0.23,
   0.57,
   0.57
  ],
  [
   0.77,
   0.67,
   0.66,
   0.63,
   0.64,
   0.62,
   0.66,
   0.64,
   0.24,
   0.57,
   0.57
  ],
  [
   0.67,
   0.76,
   0.63,
   0.66,
   0.62,
   0.64,
   0.64,
   0.65,
   0.22,
   0.57,
   0.57
  ],
  [
   0.73,
   0.69,
   0.64,
   0.62,
   0.65,
   0.64,
   0.74,
   0.65,
   0.33,
   0.59,
   0.59
  ],
  [
   0.69,
   0.73,
   0.62,
   0.64,
   0.64,
   0.64,
   0.66,
   0.73,
   0.25,
   0.6,
   0.6
  ],
  [
   0.71,
   0.68,
   0.66,
   0.64,
   0.74,
   0.66,
   0.67,
   0.61,
   0.24,
   0.57,
   0.57
  ],
  [
   0.68,
   0.71,
   0.64,
   0.65,
   0.65,
   0.73,
   0.61,
   0.66,
   0.24,
   0.57,
   0.57
  ],
  [
   0.24,
   0.23,
   0.24,
   0.22,
   0.33,
   0.25,
   0.24,
   0.24,
   0.32,
   0.2,
   0.2
  ],
  [
   0.58,
   0.57,
   0.57,
   0.57,
   0.59,
   0.6,
   0.57,
   0.57,
   0.2,
   0.42,
   0.52
  ],
  [
   0.57,
   0.57,
   0.57,
   0.57,
   0.59,
   0.6,
   0.57,
   0.57,
   0.2,
   0.52,
   0.42
  ]
 ],
 "chain_pair_pae_min": [
  [
   0.76,
   1.72,
   1.44,
   2.14,
   1.66,
   2.17,
   1.53,
   2.31,
   12.72,
   4.49,
   5.17
  ],
  [
   1.77,
   0.76,
   2.2,
   1.73,
   2.29,
   1.77,
   2.35,
   1.59,
   13.28,
   5.27,
   4.79
  ],
  [
   1.59,
   1.9,
   0.76,
   1.85,
   2.43,
   2.92,
   1.71,
   2.03,
   13.9,
   4.94,
   5.55
  ],
  [
   1.89,
   1.61,
   1.81,
   0.76,
   3.04,
   2.49,
   2.07,
   1.79,
   14.11,
   5.87,
   5.28
  ],
  [
   1.56,
   2.25,
   2.17,
   2.61,
   0.76,
   1.28,
   1.38,
   2.41,
   5.39,
   4.47,
   4.23
  ],
  [
   2.26,
   1.69,
   2.62,
   2.24,
   1.29,
   0.76,
   2.35,
   1.44,
   12.14,
   4.45,
   4.35
  ],
  [
   1.61,
   2.25,
   1.89,
   1.89,
   1.41,
   2.14,
   0.76,
   2.31,
   12.2,
   4.91,
   5.02
  ],
  [
   2.22,
   1.64,
   1.87,
   2.01,
   2.18,
   1.54,
   2.31,
   0.76,
   12.52,
   5.1,
   5.01
  ],
  [
   12.28,
   16.98,
   15.82,
   17.96,
   8.34,
   12.89,
   15.95,
   20.21,
   0.76,
   16.58,
   17.01
  ],
  [
   2.99,
   3.81,
   3.86,
   3.13,
   4.2,
   4.4,
   6.07,
   4.54,
   12.55,
   0.79,
   1.44
  ],
  [
   3.54,
   3.18,
   3.09,
   3.76,
   4.59,
   4.65,
   4.73,
   6.22,
   12.82,
   1.48,
   0.79
  ]
 ],
 "chain_ptm": [
  0.73,
  0.73,
  0.66,
  0.66,
  0.65,
  0.64,
  0.67,
  0.66,
  0.32,
  0.42,
  0.42
 ],
 "fraction_disordered": 0.28,
 "has_clash": 0.0,
 "iptm": 0.65,
 "num_recycles": 10.0,
 "ptm": 0.66,
 "ranking_score": 0.8
}