{
 "chain_iptm": [
  0.64,
  0.63,
  0.61,
  0.6,
  0.63,
  0.63,
  0.62,
  0.62,
  0.35,
  0.55,
  0.54
 ],
 "chain_pair_iptm": [
  [
   0.73,
   0.66,
   0.76,
   0.66,
   0.72,
   0.68,
   0.7,
   0.67,
   0.43,
   0.58,
   0.57
  ],
  [
   0.66,
   0.73,
   0.66,
   0.76,
   0.68,
   0.72,
   0.67,
   0.7,
   0.31,
   0.57,
   0.57
  ],
  [
   0.76,
   0.66,
   0.66,
   0.63,
   0.64,
   0.62,
   0.67,
   0.64,
   0.35,
   0.57,
   0.57
  ],
  [
   0.66,
   0.76,
   0.63,
   0.66,
   0.62,
   0.64,
   0.64,
   0.66,
   0.29,
   0.57,
   0.57
  ],
  [
   0.72,
   0.68,
   0.64,
   0.62,
   0.65,
   0.64,
   0.75,
   0.66,
   0.39,
   0.59,
   0.59
  ],
  [
   0.68,
   0.72,
   0.62,
   0.64,
   0.64,
   0.64,
   0.67,
   0.74,
   0.36,
   0.6,
   0.6
  ],
  [
   0.7,
   0.67,
   0.67,
   0.64,
   0.75,
   0.67,
   0.67,
   0.61,
   0.38,
   0.57,
   0.57
  ],
  [
   0.67,
   0.7,
   0.64,
   0.66,
   0.66,
   0.74,
   0.61,
   0.67,
   0.37,
   0.57,
   0.56
  ],
  [
   0.43,
   0.31,
   0.35,
   0.29,
   0.39,
   0.36,
   0.38,
   0.37,
   0.33,
   0.31,
   0.31
  ],
  [
   0.58,
   0.57,
   0.57,
   0.57,
   0.59,
   0.6,
   0.57,
   0.57,
   0.31,
   0.43,
   0.53
  ],
  [
   0.57,
   0.57,
   0.57,
   0.57,
   0.59,
   0.6,
   0.57,
   0.56,
   0.31,
   0.53,
   0.43
  ]
 ],
 "chain_pair_pae_min": [
  [
   0.76,
   1.75,
   1.45,
   2.17,
   1.67,
   2.24,
   1.55,
   2.34,
   5.66,
   4.42,
   5.34
  ],
  [
   1.82,
   0.76,
   2.24,
   1.72,
   2.31,
   1.79,
   2.32,
   1.61,
   7.64,
   5.28,
   4.6
  ],
  [
   1.58,
   1.89,
   0.76,
   1.84,
   2.45,
   2.92,
   1.71,
   2.13,
   7.73,
   4.84,
   5.58
  ],
  [
   1.9,
   1.61,
   1.82,
   0.76,
   2.99,
   2.51,
   2.13,
   1.8,
   8.13,
   5.81,
   5.21
  ],
  [
   1.65,
   2.33,
   2.19,
   2.62,
   0.76,
   1.34,
   1.42,
   2.44,
   5.32,
   4.65,
   4.72
  ],
  [
   2.32,
   1.74,
   2.63,
   2.23,
   1.34,
   0.76,
   2.38,
   1.5,
   6.49,
   4.63,
   4.53
  ],
  [
   1.64,
   2.25,
   1.94,
   1.99,
   1.44,
   2.19,
   0.76,
   2.29,
   6.83,
   5.11,
   5.34
  ],
  [
   2.25,
   1.67,
   1.94,
   2.01,
   2.21,
   1.57,
   2.31,
   0.76,
   6.66,
   5.05,
   5.16
  ],
  [
   5.5,
   13.68,
   8.72,
   14.82,
   5.17,
   6.27,
   9.23,
   11.52,
   0.76,
   14.7,
   14.97
  ],
  [
   2.99,
   3.72,
   3.8,
   3.17,
   4.32,
   4.36,
   6.16,
   5.32,
   9.36,
   0.79,
   1.45
  ],
  [
   3.71,
   3.16,
   3.32,
   3.77,
   4.64,
   4.75,
   5.02,
   6.29,
   10.0,
   1.48,
   0.79
  ]
 ],
 "chain_ptm": [
  0.73,
  0.73,
  0.66,
  0.66,
  0.65,
  0.64,
  0.67,
  0.67,
  0.33,
  0.43,
  0.43
 ],
 "fraction_disordered": 0.31,
 "has_clash": 0.0,
 "iptm": 0.66,
 "num_recycles": 10.0,
 "ptm": 0.67,
 "ranking_score": 0.82
}