{
 "chain_iptm": [
  0.64,
  0.63,
  0.61,
  0.6,
  0.64,
  0.63,
  0.63,
  0.61,
  0.32,
  0.55,
  0.55
 ],
 "chain_pair_iptm": [
  [
   0.73,
   0.66,
   0.77,
   0.67,
   0.73,
   0.69,
   0.71,
   0.68,
   0.35,
   0.58,
   0.57
  ],
  [
   0.66,
   0.73,
   0.67,
   0.76,
   0.69,
   0.73,
   0.68,
   0.71,
   0.28,
   0.58,
   0.58
  ],
  [
   0.77,
   0.67,
   0.66,
   0.63,
   0.65,
   0.62,
   0.67,
   0.65,
   0.29,
   0.57,
   0.57
  ],
  [
   0.67,
   0.76,
   0.63,
   0.66,
   0.62,
   0.64,
   0.65,
   0.66,
   0.26,
   0.57,
   0.57
  ],
  [
   0.73,
   0.69,
   0.65,
   0.62,
   0.65,
   0.65,
   0.75,
   0.66,
   0.44,
   0.6,
   0.6
  ],
  [
   0.69,
   0.73,
   0.62,
   0.64,
   0.65,
   0.65,
   0.67,
   0.74,
   0.3,
   0.6,
   0.6
  ],
  [
   0.71,
   0.68,
   0.67,
   0.65,
   0.75,
   0.67,
   0.68,
   0.62,
   0.36,
   0.58,
   0.57
  ],
  [
   0.68,
   0.71,
   0.65,
   0.66,
   0.66,
   0.74,
   0.62,
   0.68,
   0.29,
   0.57,
   0.57
  ],
  [
   0.35,
   0.28,
   0.29,
   0.26,
   0.44,
   0.3,
   0.36,
   0.29,
   0.33,
   0.3,
   0.3
  ],
  [
   0.58,
   0.58,
   0.57,
   0.57,
   0.6,
   0.6,
   0.58,
   0.57,
   0.3,
   0.43,
   0.53
  ],
  [
   0.57,
   0.58,
   0.57,
   0.57,
   0.6,
   0.6,
   0.57,
   0.57,
   0.3,
   0.53,
   0.43
  ]
 ],
 "chain_pair_pae_min": [
  [
   0.76,
   1.75,
   1.39,
   2.13,
   1.62,
   2.17,
   1.52,
   2.28,
   9.22,
   4.54,
   5.27
  ],
  [
   1.79,
   0.76,
   2.22,
   1.67,
   2.26,
   1.76,
   2.31,
   1.57,
   10.1,
   5.3,
   4.7
  ],
  [
   1.56,
   1.89,
   0.76,
   1.81,
   2.39,
   2.9,
   1.66,
   2.07,
   10.03,
   4.99,
   5.63
  ],
  [
   1.9,
   1.57,
   1.78,
   0.76,
   3.02,
   2.47,
   2.12,
   1.75,
   10.86,
   6.01,
   5.34
  ],
  [
   1.59,
   2.3,
   2.14,
   2.55,
   0.76,
   1.28,
   1.37,
   2.37,
   6.87,
   4.47,
   4.4
  ],
  [
   2.29,
   1.67,
   2.59,
   2.17,
   1.31,
   0.76,
   2.32,
   1.46,
   8.84,
   4.4,
   4.29
  ],
  [
   1.58,
   2.22,
   1.86,
   1.94,
   1.41,
   2.12,
   0.76,
   2.25,
   9.1,
   4.91,
   5.12
  ],
  [
   2.23,
   1.66,
   1.91,
   1.98,
   2.18,
   1.51,
   2.27,
   0.76,
   9.18,
   4.99,
   4.89
  ],
  [
   9.52,
   15.93,
   10.79,
   16.52,
   6.47,
   7.96,
   11.06,
   16.56,
   0.76,
   14.49,
   14.96
  ],
  [
   2.93,
   3.61,
   3.71,
   3.15,
   4.11,
   4.28,
   6.29,
   5.1,
   10.8,
   0.79,
   1.45
  ],
  [
   3.56,
   3.14,
   3.13,
   3.64,
   4.45,
   4.54,
   4.87,
   6.22,
   10.98,
   1.48,
   0.79
  ]
 ],
 "chain_ptm": [
  0.73,
  0.73,
  0.66,
  0.66,
  0.65,
  0.65,
  0.68,
  0.68,
  0.33,
  0.43,
  0.43
 ],
 "fraction_disordered": 0.26,
 "has_clash": 0.0,
 "iptm": 0.67,
 "num_recycles": 10.0,
 "ptm": 0.68,
 "ranking_score": 0.81
}