{
 "chain_iptm": [
  0.64,
  0.63,
  0.61,
  0.6,
  0.64,
  0.62,
  0.62,
  0.61,
  0.29,
  0.55,
  0.55
 ],
 "chain_pair_iptm": [
  [
   0.74,
   0.66,
   0.77,
   0.67,
   0.74,
   0.69,
   0.71,
   0.68,
   0.34,
   0.59,
   0.57
  ],
  [
   0.66,
   0.74,
   0.67,
   0.76,
   0.69,
   0.73,
   0.68,
   0.71,
   0.26,
   0.58,
   0.58
  ],
  [
   0.77,
   0.67,
   0.66,
   0.63,
   0.64,
   0.62,
   0.67,
   0.64,
   0.27,
   0.57,
   0.57
  ],
  [
   0.67,
   0.76,
   0.63,
   0.66,
   0.62,
   0.64,
   0.64,
   0.66,
   0.23,
   0.57,
   0.57
  ],
  [
   0.74,
   0.69,
   0.64,
   0.62,
   0.65,
   0.65,
   0.75,
   0.66,
   0.41,
   0.6,
   0.6
  ],
  [
   0.69,
   0.73,
   0.62,
   0.64,
   0.65,
   0.65,
   0.67,
   0.74,
   0.27,
   0.6,
   0.6
  ],
  [
   0.71,
   0.68,
   0.67,
   0.64,
   0.75,
   0.67,
   0.68,
   0.61,
   0.33,
   0.58,
   0.58
  ],
  [
   0.68,
   0.71,
   0.64,
   0.66,
   0.66,
   0.74,
   0.61,
   0.67,
   0.26,
   0.57,
   0.57
  ],
  [
   0.34,
   0.26,
   0.27,
   0.23,
   0.41,
   0.27,
   0.33,
   0.26,
   0.32,
   0.28,
   0.28
  ],
  [
   0.59,
   0.58,
   0.57,
   0.57,
   0.6,
   0.6,
   0.58,
   0.57,
   0.28,
   0.43,
   0.53
  ],
  [
   0.57,
   0.58,
   0.57,
   0.57,
   0.6,
   0.6,
   0.58,
   0.57,
   0.28,
   0.53,
   0.43
  ]
 ],
 "chain_pair_pae_min": [
  [
   0.76,
   1.76,
   1.41,
   2.2,
   1.8,
   2.16,
   1.54,
   2.28,
   12.56,
   4.59,
   5.3
  ],
  [
   1.8,
   0.76,
   2.23,
   1.68,
   2.23,
   1.82,
   2.35,
   1.59,
   14.16,
   5.07,
   4.73
  ],
  [
   1.56,
   1.9,
   0.76,
   1.85,
   2.39,
   2.88,
   1.68,
   2.08,
   13.14,
   4.87,
   5.59
  ],
  [
   1.9,
   1.59,
   1.81,
   0.76,
   2.97,
   2.47,
   2.09,
   1.74,
   14.46,
   5.77,
   5.25
  ],
  [
   1.59,
   2.31,
   2.15,
   2.58,
   0.76,
   1.35,
   1.38,
   2.42,
   6.45,
   4.48,
   4.52
  ],
  [
   2.23,
   1.7,
   2.59,
   2.2,
   1.34,
   0.76,
   2.4,
   1.44,
   12.35,
   4.42,
   4.32
  ],
  [
   1.59,
   2.25,
   1.92,
   1.94,
   1.42,
   2.18,
   0.76,
   2.33,
   12.31,
   4.97,
   5.3
  ],
  [
   2.26,
   1.65,
   1.93,
   2.0,
   2.22,
   1.53,
   2.33,
   0.76,
   13.31,
   4.96,
   5.07
  ],
  [
   10.88,
   18.46,
   16.98,
   19.4,
   7.55,
   15.58,
   11.8,
   18.26,
   0.76,
   14.67,
   15.04
  ],
  [
   2.9,
   3.67,
   3.77,
   3.18,
   4.27,
   4.32,
   6.03,
   4.58,
   16.04,
   0.79,
   1.45
  ],
  [
   3.61,
   3.12,
   3.16,
   3.71,
   4.44,
   4.61,
   4.69,
   6.08,
   16.2,
   1.46,
   0.79
  ]
 ],
 "chain_ptm": [
  0.74,
  0.74,
  0.66,
  0.66,
  0.65,
  0.65,
  0.68,
  0.67,
  0.32,
  0.43,
  0.43
 ],
 "fraction_disordered": 0.25,
 "has_clash": 0.0,
 "iptm": 0.65,
 "num_recycles": 10.0,
 "ptm": 0.66,
 "ranking_score": 0.78
}