{
 "chain_iptm": [
  0.66,
  0.65,
  0.62,
  0.62,
  0.65,
  0.63,
  0.63,
  0.62,
  0.27,
  0.57,
  0.57
 ],
 "chain_pair_iptm": [
  [
   0.74,
   0.67,
   0.79,
   0.69,
   0.76,
   0.71,
   0.73,
   0.7,
   0.29,
   0.6,
   0.6
  ],
  [
   0.67,
   0.74,
   0.69,
   0.79,
   0.71,
   0.75,
   0.7,
   0.73,
   0.24,
   0.61,
   0.61
  ],
  [
   0.79,
   0.69,
   0.66,
   0.64,
   0.66,
   0.64,
   0.67,
   0.66,
   0.23,
   0.61,
   0.61
  ],
  [
   0.69,
   0.79,
   0.64,
   0.66,
   0.63,
   0.65,
   0.65,
   0.66,
   0.21,
   0.61,
   0.61
  ],
  [
   0.76,
   0.71,
   0.66,
   0.63,
   0.66,
   0.66,
   0.74,
   0.66,
   0.39,
   0.63,
   0.63
  ],
  [
   0.71,
   0.75,
   0.64,
   0.65,
   0.66,
   0.65,
   0.66,
   0.73,
   0.25,
   0.64,
   0.64
  ],
  [
   0.73,
   0.7,
   0.67,
   0.65,
   0.74,
   0.66,
   0.67,
   0.61,
   0.3,
   0.6,
   0.6
  ],
  [
   0.7,
   0.73,
   0.66,
   0.66,
   0.66,
   0.73,
   0.61,
   0.67,
   0.24,
   0.61,
   0.61
  ],
  [
   0.29,
   0.24,
   0.23,
   0.21,
   0.39,
   0.25,
   0.3,
   0.24,
   0.33,
   0.27,
   0.27
  ],
  [
   0.6,
   0.61,
   0.61,
   0.61,
   0.63,
   0.64,
   0.6,
   0.61,
   0.27,
   0.43,
   0.53
  ],
  [
   0.6,
   0.61,
   0.61,
   0.61,
   0.63,
   0.64,
   0.6,
   0.61,
   0.27,
   0.53,
   0.43
  ]
 ],
 "chain_pair_pae_min": [
  [
   0.76,
   1.59,
   1.19,
   1.84,
   1.44,
   1.95,
   1.34,
   2.14,
   13.24,
   4.19,
   3.65
  ],
  [
   1.64,
   0.76,
   1.85,
   1.22,
   2.04,
   1.5,
   2.16,
   1.4,
   14.95,
   3.5,
   4.25
  ],
  [
   1.35,
   1.69,
   0.76,
   1.72,
   2.01,
   2.54,
   1.26,
   1.78,
   14.06,
   4.38,
   4.0
  ],
  [
   1.7,
   1.37,
   1.72,
   0.76,
   2.5,
   2.03,
   1.78,
   1.31,
   15.57,
   3.66,
   4.49
  ],
  [
   1.4,
   2.05,
   1.84,
   2.18,
   0.76,
   1.21,
   1.15,
   2.19,
   8.01,
   4.36,
   4.2
  ],
  [
   2.0,
   1.44,
   2.29,
   1.85,
   1.22,
   0.76,
   2.12,
   1.19,
   13.09,
   4.19,
   4.29
  ],
  [
   1.32,
   1.96,
   1.44,
   1.61,
   1.22,
   1.91,
   0.76,
   2.14,
   12.5,
   4.08,
   4.19
  ],
  [
   2.01,
   1.37,
   1.62,
   1.46,
   1.95,
   1.25,
   2.15,
   0.76,
   14.0,
   4.25,
   4.29
  ],
  [
   13.74,
   18.89,
   17.77,
   19.85,
   6.92,
   15.8,
   13.56,
   18.75,
   0.76,
   14.95,
   14.28
  ],
  [
   3.05,
   2.79,
   2.95,
   3.44,
   4.39,
   4.26,
   4.18,
   5.85,
   15.91,
   0.79,
   1.45
  ],
  [
   2.75,
   3.2,
   3.31,
   2.74,
   4.07,
   4.49,
   5.6,
   3.98,
   15.82,
   1.46,
   0.79
  ]
 ],
 "chain_ptm": [
  0.74,
  0.74,
  0.66,
  0.66,
  0.66,
  0.65,
  0.67,
  0.67,
  0.33,
  0.43,
  0.43
 ],
 "fraction_disordered": 0.24,
 "has_clash": 0.0,
 "iptm": 0.67,
 "num_recycles": 10.0,
 "ptm": 0.68,
 "ranking_score": 0.8
}