{
 "chain_iptm": [
  0.68,
  0.67,
  0.65,
  0.63,
  0.66,
  0.65,
  0.65,
  0.65,
  0.42,
  0.59,
  0.59
 ],
 "chain_pair_iptm": [
  [
   0.74,
   0.67,
   0.79,
   0.69,
   0.75,
   0.71,
   0.73,
   0.7,
   0.54,
   0.61,
   0.61
  ],
  [
   0.67,
   0.74,
   0.69,
   0.79,
   0.71,
   0.75,
   0.7,
   0.73,
   0.38,
   0.62,
   0.62
  ],
  [
   0.79,
   0.69,
   0.67,
   0.65,
   0.66,
   0.64,
   0.68,
   0.67,
   0.48,
   0.62,
   0.62
  ],
  [
   0.69,
   0.79,
   0.65,
   0.66,
   0.64,
   0.66,
   0.66,
   0.68,
   0.34,
   0.62,
   0.62
  ],
  [
   0.75,
   0.71,
   0.66,
   0.64,
   0.66,
   0.66,
   0.75,
   0.67,
   0.47,
   0.64,
   0.64
  ],
  [
   0.71,
   0.75,
   0.64,
   0.66,
   0.66,
   0.65,
   0.67,
   0.74,
   0.4,
   0.64,
   0.64
  ],
  [
   0.73,
   0.7,
   0.68,
   0.66,
   0.75,
   0.67,
   0.67,
   0.62,
   0.45,
   0.61,
   0.61
  ],
  [
   0.7,
   0.73,
   0.67,
   0.68,
   0.67,
   0.74,
   0.62,
   0.67,
   0.44,
   0.61,
   0.61
  ],
  [
   0.54,
   0.38,
   0.48,
   0.34,
   0.47,
   0.4,
   0.45,
   0.44,
   0.35,
   0.36,
   0.36
  ],
  [
   0.61,
   0.62,
   0.62,
   0.62,
   0.64,
   0.64,
   0.61,
   0.61,
   0.36,
   0.42,
   0.53
  ],
  [
   0.61,
   0.62,
   0.62,
   0.62,
   0.64,
   0.64,
   0.61,
   0.61,
   0.36,
   0.53,
   0.43
  ]
 ],
 "chain_pair_pae_min": [
  [
   0.76,
   1.57,
   1.18,
   1.83,
   1.42,
   1.95,
   1.3,
   2.11,
   3.9,
   4.15,
   3.67
  ],
  [
   1.61,
   0.76,
   1.81,
   1.2,
   2.0,
   1.44,
   2.1,
   1.36,
   5.52,
   3.43,
   4.15
  ],
  [
   1.31,
   1.66,
   0.76,
   1.69,
   1.98,
   2.43,
   1.22,
   1.7,
   4.07,
   4.23,
   4.03
  ],
  [
   1.67,
   1.32,
   1.69,
   0.76,
   2.43,
   2.0,
   1.69,
   1.28,
   6.34,
   3.6,
   4.26
  ],
  [
   1.35,
   1.98,
   1.8,
   2.1,
   0.76,
   1.21,
   1.15,
   2.13,
   4.68,
   4.24,
   4.0
  ],
  [
   1.98,
   1.41,
   2.18,
   1.82,
   1.21,
   0.76,
   2.11,
   1.16,
   4.59,
   3.83,
   4.04
  ],
  [
   1.27,
   1.93,
   1.39,
   1.51,
   1.19,
   1.9,
   0.76,
   2.16,
   5.6,
   4.04,
   3.94
  ],
  [
   1.98,
   1.35,
   1.52,
   1.42,
   1.94,
   1.22,
   2.16,
   0.76,
   5.21,
   3.95,
   4.34
  ],
  [
   4.9,
   12.12,
   6.21,
   12.18,
   5.21,
   6.6,
   8.04,
   9.46,
   0.76,
   13.16,
   12.13
  ],
  [
   3.03,
   2.64,
   2.88,
   3.32,
   4.14,
   4.03,
   3.93,
   5.6,
   8.2,
   0.79,
   1.48
  ],
  [
   2.76,
   3.13,
   3.41,
   2.69,
   3.87,
   4.24,
   5.45,
   3.96,
   8.19,
   1.47,
   0.8
  ]
 ],
 "chain_ptm": [
  0.74,
  0.74,
  0.67,
  0.66,
  0.66,
  0.65,
  0.67,
  0.67,
  0.35,
  0.42,
  0.43
 ],
 "fraction_disordered": 0.27,
 "has_clash": 0.0,
 "iptm": 0.69,
 "num_recycles": 10.0,
 "ptm": 0.7,
 "ranking_score": 0.83
}