{
 "chain_iptm": [
  0.68,
  0.66,
  0.65,
  0.63,
  0.66,
  0.65,
  0.65,
  0.64,
  0.4,
  0.59,
  0.59
 ],
 "chain_pair_iptm": [
  [
   0.74,
   0.67,
   0.8,
   0.69,
   0.76,
   0.71,
   0.73,
   0.7,
   0.51,
   0.61,
   0.61
  ],
  [
   0.67,
   0.74,
   0.69,
   0.79,
   0.71,
   0.75,
   0.7,
   0.73,
   0.36,
   0.62,
   0.62
  ],
  [
   0.8,
   0.69,
   0.66,
   0.64,
   0.65,
   0.63,
   0.69,
   0.68,
   0.45,
   0.62,
   0.62
  ],
  [
   0.69,
   0.79,
   0.64,
   0.66,
   0.63,
   0.65,
   0.67,
   0.69,
   0.32,
   0.62,
   0.62
  ],
  [
   0.76,
   0.71,
   0.65,
   0.63,
   0.66,
   0.66,
   0.76,
   0.68,
   0.5,
   0.64,
   0.64
  ],
  [
   0.71,
   0.75,
   0.63,
   0.65,
   0.66,
   0.65,
   0.69,
   0.76,
   0.35,
   0.65,
   0.65
  ],
  [
   0.73,
   0.7,
   0.69,
   0.67,
   0.76,
   0.69,
   0.69,
   0.63,
   0.43,
   0.61,
   0.61
  ],
  [
   0.7,
   0.73,
   0.68,
   0.69,
   0.68,
   0.76,
   0.63,
   0.69,
   0.36,
   0.61,
   0.61
  ],
  [
   0.51,
   0.36,
   0.45,
   0.32,
   0.5,
   0.35,
   0.43,
   0.36,
   0.36,
   0.37,
   0.37
  ],
  [
   0.61,
   0.62,
   0.62,
   0.62,
   0.64,
   0.65,
   0.61,
   0.61,
   0.37,
   0.43,
   0.53
  ],
  [
   0.61,
   0.62,
   0.62,
   0.62,
   0.64,
   0.65,
   0.61,
   0.61,
   0.37,
   0.53,
   0.43
  ]
 ],
 "chain_pair_pae_min": [
  [
   0.76,
   1.57,
   1.17,
   1.84,
   1.42,
   1.9,
   1.33,
   2.05,
   4.53,
   4.12,
   3.78
  ],
  [
   1.62,
   0.76,
   1.83,
   1.21,
   1.99,
   1.46,
   2.09,
   1.37,
   6.49,
   3.59,
   4.32
  ],
  [
   1.32,
   1.66,
   0.76,
   1.69,
   1.95,
   2.38,
   1.24,
   1.68,
   4.74,
   4.42,
   3.85
  ],
  [
   1.66,
   1.33,
   1.69,
   0.76,
   2.38,
   1.96,
   1.69,
   1.27,
   7.46,
   3.65,
   4.35
  ],
  [
   1.37,
   1.97,
   1.79,
   2.09,
   0.76,
   1.22,
   1.15,
   2.16,
   6.41,
   4.02,
   3.82
  ],
  [
   1.97,
   1.41,
   2.19,
   1.82,
   1.24,
   0.76,
   2.1,
   1.16,
   6.94,
   3.92,
   3.88
  ],
  [
   1.27,
   1.92,
   1.38,
   1.53,
   1.19,
   1.9,
   0.76,
   2.09,
   6.36,
   4.06,
   3.82
  ],
  [
   1.98,
   1.35,
   1.54,
   1.42,
   1.95,
   1.21,
   2.12,
   0.76,
   6.26,
   3.87,
   4.31
  ],
  [
   4.65,
   13.57,
   5.66,
   14.4,
   5.35,
   10.9,
   9.55,
   13.11,
   0.76,
   13.06,
   12.34
  ],
  [
   2.92,
   2.62,
   2.93,
   3.38,
   4.05,
   3.94,
   4.03,
   5.78,
   10.37,
   0.79,
   1.47
  ],
  [
   2.75,
   3.14,
   3.35,
   2.75,
   3.93,
   4.22,
   5.45,
   3.91,
   10.69,
   1.46,
   0.8
  ]
 ],
 "chain_ptm": [
  0.74,
  0.74,
  0.66,
  0.66,
  0.66,
  0.65,
  0.69,
  0.69,
  0.36,
  0.43,
  0.43
 ],
 "fraction_disordered": 0.32,
 "has_clash": 0.0,
 "iptm": 0.7,
 "num_recycles": 10.0,
 "ptm": 0.71,
 "ranking_score": 0.86
}