{
 "chain_iptm": [
  0.68,
  0.66,
  0.64,
  0.63,
  0.66,
  0.65,
  0.64,
  0.64,
  0.39,
  0.58,
  0.58
 ],
 "chain_pair_iptm": [
  [
   0.74,
   0.67,
   0.79,
   0.69,
   0.75,
   0.71,
   0.73,
   0.7,
   0.51,
   0.61,
   0.61
  ],
  [
   0.67,
   0.73,
   0.69,
   0.79,
   0.7,
   0.75,
   0.7,
   0.72,
   0.35,
   0.62,
   0.62
  ],
  [
   0.79,
   0.69,
   0.66,
   0.64,
   0.66,
   0.63,
   0.68,
   0.67,
   0.4,
   0.62,
   0.62
  ],
  [
   0.69,
   0.79,
   0.64,
   0.66,
   0.63,
   0.65,
   0.66,
   0.68,
   0.31,
   0.62,
   0.62
  ],
  [
   0.75,
   0.7,
   0.66,
   0.63,
   0.66,
   0.66,
   0.75,
   0.67,
   0.47,
   0.64,
   0.64
  ],
  [
   0.71,
   0.75,
   0.63,
   0.65,
   0.66,
   0.65,
   0.67,
   0.74,
   0.38,
   0.64,
   0.64
  ],
  [
   0.73,
   0.7,
   0.68,
   0.66,
   0.75,
   0.67,
   0.67,
   0.62,
   0.41,
   0.61,
   0.61
  ],
  [
   0.7,
   0.72,
   0.67,
   0.68,
   0.67,
   0.74,
   0.62,
   0.67,
   0.41,
   0.61,
   0.61
  ],
  [
   0.51,
   0.35,
   0.4,
   0.31,
   0.47,
   0.38,
   0.41,
   0.41,
   0.35,
   0.34,
   0.34
  ],
  [
   0.61,
   0.62,
   0.62,
   0.62,
   0.64,
   0.64,
   0.61,
   0.61,
   0.34,
   0.43,
   0.53
  ],
  [
   0.61,
   0.62,
   0.62,
   0.62,
   0.64,
   0.64,
   0.61,
   0.61,
   0.34,
   0.53,
   0.43
  ]
 ],
 "chain_pair_pae_min": [
  [
   0.76,
   1.59,
   1.19,
   1.83,
   1.43,
   1.95,
   1.31,
   2.1,
   5.76,
   4.15,
   3.62
  ],
  [
   1.63,
   0.76,
   1.83,
   1.22,
   2.05,
   1.45,
   2.15,
   1.37,
   6.94,
   3.37,
   4.09
  ],
  [
   1.31,
   1.67,
   0.76,
   1.69,
   1.98,
   2.42,
   1.25,
   1.73,
   6.81,
   4.33,
   4.0
  ],
  [
   1.67,
   1.33,
   1.7,
   0.76,
   2.42,
   2.0,
   1.73,
   1.29,
   7.96,
   3.57,
   4.18
  ],
  [
   1.37,
   2.01,
   1.79,
   2.15,
   0.76,
   1.25,
   1.15,
   2.15,
   6.29,
   3.98,
   3.83
  ],
  [
   2.01,
   1.42,
   2.22,
   1.83,
   1.24,
   0.76,
   2.12,
   1.17,
   5.8,
   3.71,
   3.9
  ],
  [
   1.26,
   1.95,
   1.39,
   1.57,
   1.19,
   1.9,
   0.76,
   2.17,
   6.83,
   3.97,
   3.62
  ],
  [
   2.0,
   1.34,
   1.58,
   1.42,
   1.94,
   1.23,
   2.17,
   0.76,
   5.75,
   3.72,
   4.18
  ],
  [
   5.01,
   13.82,
   10.0,
   13.89,
   5.7,
   7.24,
   8.85,
   10.59,
   0.76,
   13.69,
   12.57
  ],
  [
   3.03,
   2.68,
   2.84,
   3.28,
   4.2,
   3.83,
   4.0,
   5.84,
   9.08,
   0.8,
   1.47
  ],
  [
   2.71,
   3.14,
   3.34,
   2.62,
   3.77,
   4.26,
   5.46,
   3.87,
   8.97,
   1.44,
   0.79
  ]
 ],
 "chain_ptm": [
  0.74,
  0.73,
  0.66,
  0.66,
  0.66,
  0.65,
  0.67,
  0.67,
  0.35,
  0.43,
  0.43
 ],
 "fraction_disordered": 0.24,
 "has_clash": 0.0,
 "iptm": 0.7,
 "num_recycles": 10.0,
 "ptm": 0.71,
 "ranking_score": 0.82
}