{
 "chain_iptm": [
  0.68,
  0.66,
  0.65,
  0.63,
  0.66,
  0.65,
  0.64,
  0.64,
  0.43,
  0.59,
  0.59
 ],
 "chain_pair_iptm": [
  [
   0.74,
   0.67,
   0.79,
   0.69,
   0.75,
   0.71,
   0.73,
   0.7,
   0.55,
   0.62,
   0.61
  ],
  [
   0.67,
   0.73,
   0.69,
   0.78,
   0.7,
   0.75,
   0.7,
   0.72,
   0.38,
   0.62,
   0.62
  ],
  [
   0.79,
   0.69,
   0.66,
   0.65,
   0.66,
   0.64,
   0.67,
   0.66,
   0.5,
   0.62,
   0.62
  ],
  [
   0.69,
   0.78,
   0.65,
   0.66,
   0.64,
   0.66,
   0.66,
   0.67,
   0.34,
   0.62,
   0.62
  ],
  [
   0.75,
   0.7,
   0.66,
   0.64,
   0.66,
   0.66,
   0.74,
   0.66,
   0.49,
   0.65,
   0.65
  ],
  [
   0.71,
   0.75,
   0.64,
   0.66,
   0.66,
   0.65,
   0.66,
   0.74,
   0.4,
   0.65,
   0.65
  ],
  [
   0.73,
   0.7,
   0.67,
   0.66,
   0.74,
   0.66,
   0.67,
   0.61,
   0.44,
   0.61,
   0.61
  ],
  [
   0.7,
   0.72,
   0.66,
   0.67,
   0.66,
   0.74,
   0.61,
   0.66,
   0.43,
   0.62,
   0.62
  ],
  [
   0.55,
   0.38,
   0.5,
   0.34,
   0.49,
   0.4,
   0.44,
   0.43,
   0.36,
   0.36,
   0.37
  ],
  [
   0.62,
   0.62,
   0.62,
   0.62,
   0.65,
   0.65,
   0.61,
   0.62,
   0.36,
   0.43,
   0.54
  ],
  [
   0.61,
   0.62,
   0.62,
   0.62,
   0.65,
   0.65,
   0.61,
   0.62,
   0.37,
   0.54,
   0.43
  ]
 ],
 "chain_pair_pae_min": [
  [
   0.76,
   1.57,
   1.18,
   1.87,
   1.44,
   1.93,
   1.3,
   2.12,
   4.06,
   4.09,
   3.59
  ],
  [
   1.63,
   0.76,
   1.87,
   1.21,
   2.03,
   1.46,
   2.14,
   1.36,
   5.88,
   3.28,
   4.13
  ],
  [
   1.36,
   1.67,
   0.76,
   1.7,
   1.98,
   2.42,
   1.26,
   1.77,
   4.23,
   4.21,
   3.59
  ],
  [
   1.67,
   1.38,
   1.7,
   0.76,
   2.44,
   2.02,
   1.77,
   1.29,
   6.42,
   3.53,
   4.26
  ],
  [
   1.37,
   2.0,
   1.81,
   2.14,
   0.76,
   1.23,
   1.15,
   2.17,
   4.98,
   4.1,
   3.85
  ],
  [
   2.01,
   1.42,
   2.2,
   1.84,
   1.23,
   0.76,
   2.14,
   1.18,
   4.78,
   3.82,
   4.01
  ],
  [
   1.3,
   1.94,
   1.41,
   1.56,
   1.19,
   1.92,
   0.76,
   2.16,
   5.66,
   3.75,
   3.74
  ],
  [
   1.98,
   1.37,
   1.57,
   1.44,
   1.95,
   1.22,
   2.17,
   0.76,
   5.22,
   3.87,
   3.95
  ],
  [
   4.78,
   12.4,
   5.82,
   12.35,
   5.38,
   6.21,
   7.97,
   9.18,
   0.76,
   12.67,
   11.97
  ],
  [
   3.04,
   2.59,
   2.81,
   3.29,
   4.14,
   3.82,
   3.87,
   5.68,
   7.86,
   0.79,
   1.48
  ],
  [
   2.76,
   3.08,
   3.34,
   2.61,
   3.84,
   4.17,
   5.35,
   3.91,
   8.07,
   1.47,
   0.79
  ]
 ],
 "chain_ptm": [
  0.74,
  0.73,
  0.66,
  0.66,
  0.66,
  0.65,
  0.67,
  0.66,
  0.36,
  0.43,
  0.43
 ],
 "fraction_disordered": 0.24,
 "has_clash": 0.0,
 "iptm": 0.7,
 "num_recycles": 10.0,
 "ptm": 0.71,
 "ranking_score": 0.82
}