{
 "chain_iptm": [
  0.7,
  0.68,
  0.67,
  0.65,
  0.68,
  0.66,
  0.67,
  0.66,
  0.46,
  0.61,
  0.61
 ],
 "chain_pair_iptm": [
  [
   0.74,
   0.68,
   0.8,
   0.7,
   0.76,
   0.72,
   0.74,
   0.71,
   0.6,
   0.63,
   0.63
  ],
  [
   0.68,
   0.74,
   0.71,
   0.8,
   0.71,
   0.76,
   0.71,
   0.74,
   0.4,
   0.64,
   0.64
  ],
  [
   0.8,
   0.71,
   0.67,
   0.65,
   0.67,
   0.65,
   0.7,
   0.69,
   0.55,
   0.64,
   0.64
  ],
  [
   0.7,
   0.8,
   0.65,
   0.66,
   0.64,
   0.66,
   0.68,
   0.7,
   0.36,
   0.64,
   0.64
  ],
  [
   0.76,
   0.71,
   0.67,
   0.64,
   0.67,
   0.67,
   0.76,
   0.69,
   0.55,
   0.66,
   0.66
  ],
  [
   0.72,
   0.76,
   0.65,
   0.66,
   0.67,
   0.65,
   0.69,
   0.76,
   0.4,
   0.66,
   0.66
  ],
  [
   0.74,
   0.71,
   0.7,
   0.68,
   0.76,
   0.69,
   0.69,
   0.64,
   0.48,
   0.63,
   0.63
  ],
  [
   0.71,
   0.74,
   0.69,
   0.7,
   0.69,
   0.76,
   0.64,
   0.69,
   0.45,
   0.63,
   0.63
  ],
  [
   0.6,
   0.4,
   0.55,
   0.36,
   0.55,
   0.4,
   0.48,
   0.45,
   0.48,
   0.42,
   0.42
  ],
  [
   0.63,
   0.64,
   0.64,
   0.64,
   0.66,
   0.66,
   0.63,
   0.63,
   0.42,
   0.45,
   0.55
  ],
  [
   0.63,
   0.64,
   0.64,
   0.64,
   0.66,
   0.66,
   0.63,
   0.63,
   0.42,
   0.55,
   0.45
  ]
 ],
 "chain_pair_pae_min": [
  [
   0.76,
   1.53,
   1.15,
   1.69,
   1.34,
   1.88,
   1.22,
   1.99,
   2.97,
   3.7,
   3.16
  ],
  [
   1.56,
   0.76,
   1.69,
   1.16,
   1.93,
   1.37,
   1.98,
   1.26,
   4.88,
   3.06,
   3.55
  ],
  [
   1.22,
   1.57,
   0.76,
   1.61,
   1.78,
   2.22,
   1.13,
   1.55,
   3.15,
   3.71,
   3.42
  ],
  [
   1.58,
   1.24,
   1.63,
   0.76,
   2.26,
   1.83,
   1.56,
   1.14,
   4.95,
   3.15,
   3.69
  ],
  [
   1.3,
   1.91,
   1.68,
   2.02,
   0.76,
   1.2,
   1.07,
   2.05,
   3.82,
   3.82,
   3.41
  ],
  [
   1.9,
   1.33,
   2.06,
   1.69,
   1.2,
   0.76,
   2.04,
   1.11,
   4.16,
   3.49,
   3.61
  ],
  [
   1.21,
   1.84,
   1.3,
   1.44,
   1.11,
   1.82,
   0.76,
   2.07,
   4.43,
   3.59,
   3.49
  ],
  [
   1.86,
   1.24,
   1.44,
   1.31,
   1.83,
   1.15,
   2.06,
   0.76,
   4.23,
   3.56,
   3.83
  ],
  [
   3.44,
   9.85,
   4.01,
   10.31,
   3.04,
   5.5,
   6.65,
   7.83,
   0.76,
   9.85,
   9.61
  ],
  [
   2.41,
   2.22,
   2.51,
   2.95,
   3.32,
   3.12,
   3.36,
   4.64,
   7.18,
   0.79,
   1.46
  ],
  [
   2.36,
   2.57,
   2.98,
   2.38,
   3.05,
   3.47,
   4.17,
   3.18,
   7.27,
   1.45,
   0.79
  ]
 ],
 "chain_ptm": [
  0.74,
  0.74,
  0.67,
  0.66,
  0.67,
  0.65,
  0.69,
  0.69,
  0.48,
  0.45,
  0.45
 ],
 "fraction_disordered": 0.31,
 "has_clash": 0.0,
 "iptm": 0.76,
 "num_recycles": 10.0,
 "ptm": 0.77,
 "ranking_score": 0.92
}