{
 "chain_iptm": [
  0.69,
  0.67,
  0.66,
  0.64,
  0.66,
  0.66,
  0.66,
  0.66,
  0.48,
  0.6,
  0.6
 ],
 "chain_pair_iptm": [
  [
   0.73,
   0.67,
   0.79,
   0.69,
   0.75,
   0.7,
   0.73,
   0.7,
   0.62,
   0.61,
   0.61
  ],
  [
   0.67,
   0.73,
   0.69,
   0.78,
   0.7,
   0.75,
   0.7,
   0.73,
   0.43,
   0.62,
   0.62
  ],
  [
   0.79,
   0.69,
   0.67,
   0.65,
   0.66,
   0.64,
   0.7,
   0.68,
   0.56,
   0.62,
   0.62
  ],
  [
   0.69,
   0.78,
   0.65,
   0.66,
   0.64,
   0.66,
   0.68,
   0.69,
   0.39,
   0.62,
   0.63
  ],
  [
   0.75,
   0.7,
   0.66,
   0.64,
   0.65,
   0.66,
   0.76,
   0.68,
   0.49,
   0.64,
   0.64
  ],
  [
   0.7,
   0.75,
   0.64,
   0.66,
   0.66,
   0.64,
   0.69,
   0.76,
   0.45,
   0.65,
   0.65
  ],
  [
   0.73,
   0.7,
   0.7,
   0.68,
   0.76,
   0.69,
   0.68,
   0.64,
   0.49,
   0.61,
   0.61
  ],
  [
   0.7,
   0.73,
   0.68,
   0.69,
   0.68,
   0.76,
   0.64,
   0.68,
   0.49,
   0.62,
   0.62
  ],
  [
   0.62,
   0.43,
   0.56,
   0.39,
   0.49,
   0.45,
   0.49,
   0.49,
   0.48,
   0.43,
   0.43
  ],
  [
   0.61,
   0.62,
   0.62,
   0.62,
   0.64,
   0.65,
   0.61,
   0.62,
   0.43,
   0.44,
   0.54
  ],
  [
   0.61,
   0.62,
   0.62,
   0.63,
   0.64,
   0.65,
   0.61,
   0.62,
   0.43,
   0.54,
   0.44
  ]
 ],
 "chain_pair_pae_min": [
  [
   0.76,
   1.59,
   1.18,
   1.75,
   1.43,
   1.92,
   1.29,
   2.04,
   2.94,
   3.87,
   3.4
  ],
  [
   1.63,
   0.76,
   1.77,
   1.2,
   2.0,
   1.43,
   2.02,
   1.32,
   4.93,
   3.27,
   3.72
  ],
  [
   1.26,
   1.61,
   0.76,
   1.69,
   1.83,
   2.32,
   1.18,
   1.6,
   3.25,
   3.96,
   3.57
  ],
  [
   1.63,
   1.27,
   1.71,
   0.76,
   2.34,
   1.92,
   1.59,
   1.2,
   4.97,
   3.41,
   3.61
  ],
  [
   1.37,
   2.03,
   1.74,
   2.04,
   0.76,
   1.21,
   1.12,
   2.14,
   3.7,
   4.05,
   3.51
  ],
  [
   1.97,
   1.38,
   2.15,
   1.75,
   1.21,
   0.76,
   2.11,
   1.14,
   3.67,
   3.83,
   3.77
  ],
  [
   1.25,
   1.89,
   1.35,
   1.46,
   1.16,
   1.88,
   0.76,
   2.15,
   4.38,
   3.92,
   3.68
  ],
  [
   1.91,
   1.3,
   1.46,
   1.36,
   1.88,
   1.19,
   2.14,
   0.76,
   4.18,
   4.1,
   3.99
  ],
  [
   3.37,
   8.72,
   4.0,
   9.05,
   3.85,
   4.67,
   5.84,
   6.73,
   0.76,
   10.35,
   10.04
  ],
  [
   2.61,
   2.31,
   2.56,
   2.96,
   3.44,
   3.33,
   3.43,
   4.88,
   5.86,
   0.79,
   1.52
  ],
  [
   2.38,
   2.67,
   2.9,
   2.36,
   3.11,
   3.54,
   4.25,
   3.4,
   6.04,
   1.45,
   0.8
  ]
 ],
 "chain_ptm": [
  0.73,
  0.73,
  0.67,
  0.66,
  0.65,
  0.64,
  0.68,
  0.68,
  0.48,
  0.44,
  0.44
 ],
 "fraction_disordered": 0.44,
 "has_clash": 0.0,
 "iptm": 0.75,
 "num_recycles": 10.0,
 "ptm": 0.76,
 "ranking_score": 0.97
}