{
 "chain_iptm": [
  0.66,
  0.65,
  0.64,
  0.63,
  0.66,
  0.64,
  0.65,
  0.64,
  0.29,
  0.58,
  0.58
 ],
 "chain_pair_iptm": [
  [
   0.74,
   0.67,
   0.79,
   0.69,
   0.75,
   0.71,
   0.73,
   0.7,
   0.32,
   0.62,
   0.62
  ],
  [
   0.67,
   0.73,
   0.7,
   0.79,
   0.71,
   0.75,
   0.7,
   0.73,
   0.24,
   0.63,
   0.63
  ],
  [
   0.79,
   0.7,
   0.66,
   0.65,
   0.66,
   0.64,
   0.7,
   0.68,
   0.3,
   0.63,
   0.63
  ],
  [
   0.69,
   0.79,
   0.65,
   0.66,
   0.64,
   0.66,
   0.68,
   0.69,
   0.23,
   0.63,
   0.63
  ],
  [
   0.75,
   0.71,
   0.66,
   0.64,
   0.66,
   0.66,
   0.77,
   0.68,
   0.41,
   0.65,
   0.65
  ],
  [
   0.71,
   0.75,
   0.64,
   0.66,
   0.66,
   0.65,
   0.69,
   0.77,
   0.27,
   0.65,
   0.65
  ],
  [
   0.73,
   0.7,
   0.7,
   0.68,
   0.77,
   0.69,
   0.69,
   0.64,
   0.3,
   0.62,
   0.62
  ],
  [
   0.7,
   0.73,
   0.68,
   0.69,
   0.68,
   0.77,
   0.64,
   0.69,
   0.27,
   0.62,
   0.62
  ],
  [
   0.32,
   0.24,
   0.3,
   0.23,
   0.41,
   0.27,
   0.3,
   0.27,
   0.43,
   0.26,
   0.26
  ],
  [
   0.62,
   0.63,
   0.63,
   0.63,
   0.65,
   0.65,
   0.62,
   0.62,
   0.26,
   0.44,
   0.55
  ],
  [
   0.62,
   0.63,
   0.63,
   0.63,
   0.65,
   0.65,
   0.62,
   0.62,
   0.26,
   0.55,
   0.44
  ]
 ],
 "chain_pair_pae_min": [
  [
   0.76,
   1.58,
   1.16,
   1.76,
   1.38,
   1.96,
   1.23,
   2.06,
   4.72,
   3.87,
   3.31
  ],
  [
   1.61,
   0.76,
   1.76,
   1.19,
   1.99,
   1.44,
   2.04,
   1.3,
   7.21,
   3.12,
   3.66
  ],
  [
   1.26,
   1.62,
   0.76,
   1.7,
   1.87,
   2.37,
   1.16,
   1.62,
   4.99,
   4.01,
   3.57
  ],
  [
   1.63,
   1.28,
   1.72,
   0.76,
   2.45,
   1.93,
   1.63,
   1.17,
   7.58,
   3.33,
   3.75
  ],
  [
   1.33,
   2.04,
   1.71,
   2.21,
   0.76,
   1.22,
   1.09,
   2.23,
   6.54,
   4.27,
   3.79
  ],
  [
   1.92,
   1.36,
   2.26,
   1.76,
   1.23,
   0.76,
   2.13,
   1.14,
   6.89,
   4.22,
   4.0
  ],
  [
   1.24,
   1.95,
   1.35,
   1.49,
   1.14,
   1.88,
   0.76,
   2.21,
   6.67,
   3.9,
   3.86
  ],
  [
   1.93,
   1.28,
   1.48,
   1.36,
   1.91,
   1.17,
   2.26,
   0.76,
   6.91,
   4.18,
   4.2
  ],
  [
   9.16,
   16.33,
   7.14,
   17.0,
   4.72,
   13.08,
   11.44,
   15.76,
   0.76,
   14.11,
   13.42
  ],
  [
   2.71,
   2.43,
   2.69,
   3.09,
   3.83,
   3.69,
   3.7,
   4.99,
   11.84,
   0.79,
   1.5
  ],
  [
   2.56,
   2.84,
   3.17,
   2.55,
   3.47,
   4.12,
   4.82,
   3.82,
   11.5,
   1.47,
   0.79
  ]
 ],
 "chain_ptm": [
  0.74,
  0.73,
  0.66,
  0.66,
  0.66,
  0.65,
  0.69,
  0.69,
  0.43,
  0.44,
  0.44
 ],
 "fraction_disordered": 0.33,
 "has_clash": 0.0,
 "iptm": 0.73,
 "num_recycles": 10.0,
 "ptm": 0.74,
 "ranking_score": 0.9
}