{
 "chain_iptm": [
  0.69,
  0.67,
  0.66,
  0.64,
  0.66,
  0.66,
  0.65,
  0.65,
  0.46,
  0.6,
  0.6
 ],
 "chain_pair_iptm": [
  [
   0.73,
   0.67,
   0.79,
   0.69,
   0.75,
   0.71,
   0.73,
   0.71,
   0.61,
   0.62,
   0.62
  ],
  [
   0.67,
   0.73,
   0.7,
   0.79,
   0.71,
   0.75,
   0.7,
   0.73,
   0.41,
   0.63,
   0.63
  ],
  [
   0.79,
   0.7,
   0.66,
   0.65,
   0.66,
   0.64,
   0.68,
   0.67,
   0.55,
   0.63,
   0.63
  ],
  [
   0.69,
   0.79,
   0.65,
   0.66,
   0.64,
   0.66,
   0.66,
   0.67,
   0.37,
   0.63,
   0.64
  ],
  [
   0.75,
   0.71,
   0.66,
   0.64,
   0.66,
   0.66,
   0.74,
   0.67,
   0.51,
   0.65,
   0.65
  ],
  [
   0.71,
   0.75,
   0.64,
   0.66,
   0.66,
   0.65,
   0.67,
   0.74,
   0.44,
   0.66,
   0.66
  ],
  [
   0.73,
   0.7,
   0.68,
   0.66,
   0.74,
   0.67,
   0.67,
   0.62,
   0.46,
   0.62,
   0.62
  ],
  [
   0.71,
   0.73,
   0.67,
   0.67,
   0.67,
   0.74,
   0.62,
   0.67,
   0.46,
   0.63,
   0.63
  ],
  [
   0.61,
   0.41,
   0.55,
   0.37,
   0.51,
   0.44,
   0.46,
   0.46,
   0.47,
   0.41,
   0.41
  ],
  [
   0.62,
   0.63,
   0.63,
   0.63,
   0.65,
   0.66,
   0.62,
   0.63,
   0.41,
   0.44,
   0.55
  ],
  [
   0.62,
   0.63,
   0.63,
   0.64,
   0.65,
   0.66,
   0.62,
   0.63,
   0.41,
   0.55,
   0.44
  ]
 ],
 "chain_pair_pae_min": [
  [
   0.76,
   1.56,
   1.17,
   1.76,
   1.38,
   1.91,
   1.25,
   2.04,
   2.82,
   3.69,
   3.02
  ],
  [
   1.61,
   0.76,
   1.78,
   1.19,
   2.0,
   1.41,
   2.01,
   1.3,
   4.74,
   2.92,
   3.49
  ],
  [
   1.25,
   1.6,
   0.76,
   1.66,
   1.83,
   2.32,
   1.15,
   1.55,
   3.13,
   3.65,
   3.2
  ],
  [
   1.62,
   1.27,
   1.69,
   0.76,
   2.34,
   1.91,
   1.58,
   1.18,
   4.95,
   3.11,
   3.55
  ],
  [
   1.34,
   1.96,
   1.73,
   2.09,
   0.76,
   1.22,
   1.09,
   2.12,
   3.1,
   4.15,
   3.69
  ],
  [
   1.91,
   1.36,
   2.14,
   1.73,
   1.24,
   0.76,
   2.08,
   1.13,
   3.15,
   3.82,
   3.84
  ],
  [
   1.23,
   1.87,
   1.33,
   1.47,
   1.13,
   1.87,
   0.76,
   2.12,
   3.91,
   3.63,
   3.51
  ],
  [
   1.91,
   1.28,
   1.48,
   1.34,
   1.87,
   1.18,
   2.14,
   0.76,
   3.75,
   3.83,
   3.84
  ],
  [
   3.12,
   8.98,
   3.72,
   9.35,
   3.47,
   4.21,
   5.79,
   6.92,
   0.76,
   10.45,
   10.01
  ],
  [
   2.65,
   2.3,
   2.56,
   2.95,
   3.55,
   3.43,
   3.43,
   4.84,
   5.65,
   0.79,
   1.51
  ],
  [
   2.35,
   2.66,
   2.95,
   2.39,
   3.21,
   3.77,
   4.55,
   3.38,
   6.18,
   1.47,
   0.8
  ]
 ],
 "chain_ptm": [
  0.73,
  0.73,
  0.66,
  0.66,
  0.66,
  0.65,
  0.67,
  0.67,
  0.47,
  0.44,
  0.44
 ],
 "fraction_disordered": 0.32,
 "has_clash": 0.0,
 "iptm": 0.75,
 "num_recycles": 10.0,
 "ptm": 0.76,
 "ranking_score": 0.91
}