{
 "chain_iptm": [
  0.69,
  0.67,
  0.66,
  0.64,
  0.67,
  0.66,
  0.66,
  0.66,
  0.48,
  0.6,
  0.6
 ],
 "chain_pair_iptm": [
  [
   0.73,
   0.67,
   0.79,
   0.69,
   0.75,
   0.71,
   0.72,
   0.7,
   0.62,
   0.62,
   0.62
  ],
  [
   0.67,
   0.73,
   0.7,
   0.78,
   0.7,
   0.75,
   0.7,
   0.72,
   0.44,
   0.63,
   0.63
  ],
  [
   0.79,
   0.7,
   0.66,
   0.65,
   0.66,
   0.64,
   0.69,
   0.68,
   0.56,
   0.62,
   0.62
  ],
  [
   0.69,
   0.78,
   0.65,
   0.66,
   0.64,
   0.66,
   0.68,
   0.69,
   0.39,
   0.63,
   0.63
  ],
  [
   0.75,
   0.7,
   0.66,
   0.64,
   0.66,
   0.66,
   0.76,
   0.68,
   0.51,
   0.65,
   0.65
  ],
  [
   0.71,
   0.75,
   0.64,
   0.66,
   0.66,
   0.64,
   0.69,
   0.76,
   0.46,
   0.65,
   0.65
  ],
  [
   0.72,
   0.7,
   0.69,
   0.68,
   0.76,
   0.69,
   0.68,
   0.63,
   0.49,
   0.62,
   0.62
  ],
  [
   0.7,
   0.72,
   0.68,
   0.69,
   0.68,
   0.76,
   0.63,
   0.68,
   0.49,
   0.62,
   0.62
  ],
  [
   0.62,
   0.44,
   0.56,
   0.39,
   0.51,
   0.46,
   0.49,
   0.49,
   0.47,
   0.43,
   0.43
  ],
  [
   0.62,
   0.63,
   0.62,
   0.63,
   0.65,
   0.65,
   0.62,
   0.62,
   0.43,
   0.44,
   0.55
  ],
  [
   0.62,
   0.63,
   0.62,
   0.63,
   0.65,
   0.65,
   0.62,
   0.62,
   0.43,
   0.55,
   0.45
  ]
 ],
 "chain_pair_pae_min": [
  [
   0.76,
   1.59,
   1.18,
   1.75,
   1.42,
   1.91,
   1.27,
   2.02,
   2.76,
   3.76,
   3.34
  ],
  [
   1.63,
   0.76,
   1.75,
   1.2,
   1.99,
   1.42,
   2.01,
   1.31,
   4.66,
   3.23,
   3.83
  ],
  [
   1.25,
   1.61,
   0.76,
   1.69,
   1.82,
   2.28,
   1.17,
   1.57,
   3.06,
   3.92,
   3.53
  ],
  [
   1.63,
   1.26,
   1.7,
   0.76,
   2.31,
   1.86,
   1.57,
   1.17,
   4.74,
   3.36,
   3.6
  ],
  [
   1.36,
   2.01,
   1.74,
   2.05,
   0.76,
   1.21,
   1.11,
   2.1,
   3.26,
   3.88,
   3.49
  ],
  [
   1.96,
   1.38,
   2.12,
   1.75,
   1.21,
   0.76,
   2.08,
   1.12,
   3.42,
   3.68,
   3.69
  ],
  [
   1.25,
   1.9,
   1.34,
   1.43,
   1.16,
   1.86,
   0.76,
   2.14,
   3.91,
   3.91,
   3.59
  ],
  [
   1.91,
   1.28,
   1.44,
   1.35,
   1.88,
   1.19,
   2.15,
   0.76,
   3.78,
   3.88,
   3.99
  ],
  [
   3.18,
   8.5,
   3.93,
   8.9,
   3.41,
   4.5,
   5.75,
   6.71,
   0.76,
   10.1,
   9.87
  ],
  [
   2.57,
   2.24,
   2.58,
   3.02,
   3.3,
   3.15,
   3.32,
   4.86,
   5.37,
   0.79,
   1.49
  ],
  [
   2.4,
   2.59,
   2.98,
   2.39,
   2.97,
   3.5,
   4.27,
   3.55,
   5.78,
   1.45,
   0.79
  ]
 ],
 "chain_ptm": [
  0.73,
  0.73,
  0.66,
  0.66,
  0.66,
  0.64,
  0.68,
  0.68,
  0.47,
  0.44,
  0.45
 ],
 "fraction_disordered": 0.44,
 "has_clash": 0.0,
 "iptm": 0.76,
 "num_recycles": 10.0,
 "ptm": 0.76,
 "ranking_score": 0.98
}